Repository,Component Type,Ecosystem,Name,Version,Dependency Scope,Relationship,License,PURL or Reference,Metadata Source,Notes
workspace,application,first-party,frontend,0.16.0,runtime,root component,LGPL-3.0-or-later,pkg:npm/frontend@0.16.0,workspace/package.json,First-party repository component.
workspace,container,OCI container,nginxinc/nginx-unprivileged,alpine (not digest pinned),runtime,referenced runtime software,BSD-2-Clause (NGINX); container includes additional licenses,oci:nginxinc/nginx-unprivileged:alpine,workspace/Dockerfile,Production image serving the generated static site; packages inside the image are not expanded.
workspace,container,OCI container,node,22-alpine (not digest pinned),build,referenced build software,MIT (Node.js); container includes additional licenses,oci:node:22-alpine,workspace/Dockerfile,Builder base image; packages inside the image are not expanded.
workspace,application,npm CLI,pnpm,not pinned,build,referenced build software,MIT,pkg:npm/pnpm@not-pinned,workspace/Dockerfile,Package manager enabled through Corepack during the container build; package.json does not pin a pnpm version.
workspace,library,npm,@astrojs/compiler,2.13.1,build,transitive build dependency,MIT,pkg:npm/%40astrojs/compiler@2.13.1,workspace/pnpm-lock.yaml and installed package metadata,Generated from pnpm's resolved dependency graph and local package metadata.
workspace,library,npm,@astrojs/internal-helpers,0.7.6,build,transitive build dependency,MIT,pkg:npm/%40astrojs/internal-helpers@0.7.6,workspace/pnpm-lock.yaml and installed package metadata,Generated from pnpm's resolved dependency graph and local package metadata.
workspace,library,npm,@astrojs/markdown-remark,6.3.11,build,transitive build dependency,MIT,pkg:npm/%40astrojs/markdown-remark@6.3.11,workspace/pnpm-lock.yaml and installed package metadata,Generated from pnpm's resolved dependency graph and local package metadata.
workspace,library,npm,@astrojs/prism,3.3.0,build,transitive build dependency,MIT,pkg:npm/%40astrojs/prism@3.3.0,workspace/pnpm-lock.yaml and installed package metadata,Generated from pnpm's resolved dependency graph and local package metadata.
workspace,library,npm,@astrojs/react,4.4.2,build,direct build dependency,MIT,pkg:npm/%40astrojs/react@4.4.2,workspace/pnpm-lock.yaml and installed package metadata,Generated from pnpm's resolved dependency graph and local package metadata.
workspace,library,npm,@astrojs/telemetry,3.3.0,build,transitive build dependency,MIT,pkg:npm/%40astrojs/telemetry@3.3.0,workspace/pnpm-lock.yaml and installed package metadata,Generated from pnpm's resolved dependency graph and local package metadata.
workspace,library,npm,@babel/helper-string-parser,7.29.7,build,transitive build dependency,MIT,pkg:npm/%40babel/helper-string-parser@7.29.7,workspace/pnpm-lock.yaml and installed package metadata,Generated from pnpm's resolved dependency graph and local package metadata.
workspace,library,npm,@babel/helper-validator-identifier,7.29.7,build,transitive build dependency,MIT,pkg:npm/%40babel/helper-validator-identifier@7.29.7,workspace/pnpm-lock.yaml and installed package metadata,Generated from pnpm's resolved dependency graph and local package metadata.
workspace,library,npm,@babel/plugin-transform-react-jsx-self,7.29.7,build,transitive build dependency,MIT,pkg:npm/%40babel/plugin-transform-react-jsx-self@7.29.7,workspace/pnpm-lock.yaml and installed package metadata,Generated from pnpm's resolved dependency graph and local package metadata.
workspace,library,npm,@babel/plugin-transform-react-jsx-source,7.29.7,build,transitive build dependency,MIT,pkg:npm/%40babel/plugin-transform-react-jsx-source@7.29.7,workspace/pnpm-lock.yaml and installed package metadata,Generated from pnpm's resolved dependency graph and local package metadata.
workspace,library,npm,@babel/runtime,7.29.7,runtime,transitive runtime dependency,MIT,pkg:npm/%40babel/runtime@7.29.7,workspace/pnpm-lock.yaml and installed package metadata,Generated from pnpm's resolved dependency graph and local package metadata.
workspace,library,npm,@babel/types,7.29.7,build,transitive build dependency,MIT,pkg:npm/%40babel/types@7.29.7,workspace/pnpm-lock.yaml and installed package metadata,Generated from pnpm's resolved dependency graph and local package metadata.
workspace,library,npm,@capsizecss/unpack,4.0.0,build,transitive build dependency,MIT,pkg:npm/%40capsizecss/unpack@4.0.0,workspace/pnpm-lock.yaml and installed package metadata,Generated from pnpm's resolved dependency graph and local package metadata.
workspace,library,npm,@cesium/engine,26.0.0,runtime,transitive runtime dependency,Apache-2.0,pkg:npm/%40cesium/engine@26.0.0,workspace/pnpm-lock.yaml and installed package metadata,Generated from pnpm's resolved dependency graph and local package metadata.
workspace,library,npm,@cesium/wasm-splats,0.1.0-alpha.2,runtime,transitive runtime dependency,Apache-2.0,pkg:npm/%40cesium/wasm-splats@0.1.0-alpha.2,workspace/pnpm-lock.yaml and installed package metadata,Generated from pnpm's resolved dependency graph and local package metadata.
workspace,library,npm,@cesium/widgets,16.0.0,runtime,transitive runtime dependency,Apache-2.0,pkg:npm/%40cesium/widgets@16.0.0,workspace/pnpm-lock.yaml and installed package metadata,Generated from pnpm's resolved dependency graph and local package metadata.
workspace,library,npm,@csi-foxbyte/regensburg_digitalerenergiezwilling_energycalculationcore,0.19.0,runtime,direct runtime dependency,LGPL-3.0-or-later,pkg:npm/%40csi-foxbyte/regensburg_digitalerenergiezwilling_energycalculationcore@0.19.0,workspace/pnpm-lock.yaml and installed package metadata,Generated from pnpm's resolved dependency graph and local package metadata.
workspace,library,npm,@esbuild/linux-x64,0.27.7,build,transitive build dependency,MIT,pkg:npm/%40esbuild/linux-x64@0.27.7,workspace/pnpm-lock.yaml and installed package metadata,Generated from pnpm's resolved dependency graph and local package metadata.
workspace,library,npm,@esbuild/linux-x64,0.25.12,build,transitive build dependency,MIT,pkg:npm/%40esbuild/linux-x64@0.25.12,workspace/pnpm-lock.yaml and installed package metadata,Generated from pnpm's resolved dependency graph and local package metadata.
workspace,library,npm,@floating-ui/core,1.7.5,runtime,transitive runtime dependency,MIT,pkg:npm/%40floating-ui/core@1.7.5,workspace/pnpm-lock.yaml and installed package metadata,Generated from pnpm's resolved dependency graph and local package metadata.
workspace,library,npm,@floating-ui/dom,1.7.6,runtime,transitive runtime dependency,MIT,pkg:npm/%40floating-ui/dom@1.7.6,workspace/pnpm-lock.yaml and installed package metadata,Generated from pnpm's resolved dependency graph and local package metadata.
workspace,library,npm,@floating-ui/react-dom,2.1.8,runtime,transitive runtime dependency,MIT,pkg:npm/%40floating-ui/react-dom@2.1.8,workspace/pnpm-lock.yaml and installed package metadata,Generated from pnpm's resolved dependency graph and local package metadata.
workspace,library,npm,@floating-ui/utils,0.2.11,runtime,transitive runtime dependency,MIT,pkg:npm/%40floating-ui/utils@0.2.11,workspace/pnpm-lock.yaml and installed package metadata,Generated from pnpm's resolved dependency graph and local package metadata.
workspace,library,npm,@fontsource-variable/geist,5.2.9,runtime,direct runtime dependency,OFL-1.1,pkg:npm/%40fontsource-variable/geist@5.2.9,workspace/pnpm-lock.yaml and installed package metadata,Generated from pnpm's resolved dependency graph and local package metadata.
workspace,library,npm,@fontsource/open-sans,5.2.7,runtime,direct runtime dependency,OFL-1.1,pkg:npm/%40fontsource/open-sans@5.2.7,workspace/pnpm-lock.yaml and installed package metadata,Generated from pnpm's resolved dependency graph and local package metadata.
workspace,library,npm,@img/colour,1.1.0,build,transitive build dependency,MIT,pkg:npm/%40img/colour@1.1.0,workspace/pnpm-lock.yaml and installed package metadata,Generated from pnpm's resolved dependency graph and local package metadata.
workspace,library,npm,@img/sharp-libvips-linux-x64,1.2.4,build,transitive build dependency,LGPL-3.0-or-later,pkg:npm/%40img/sharp-libvips-linux-x64@1.2.4,workspace/pnpm-lock.yaml and installed package metadata,Generated from pnpm's resolved dependency graph and local package metadata.
workspace,library,npm,@img/sharp-linux-x64,0.34.5,build,transitive build dependency,Apache-2.0,pkg:npm/%40img/sharp-linux-x64@0.34.5,workspace/pnpm-lock.yaml and installed package metadata,Generated from pnpm's resolved dependency graph and local package metadata.
workspace,library,npm,@jridgewell/gen-mapping,0.3.13,build,transitive build dependency,MIT,pkg:npm/%40jridgewell/gen-mapping@0.3.13,workspace/pnpm-lock.yaml and installed package metadata,Generated from pnpm's resolved dependency graph and local package metadata.
workspace,library,npm,@jridgewell/remapping,2.3.5,build,transitive build dependency,MIT,pkg:npm/%40jridgewell/remapping@2.3.5,workspace/pnpm-lock.yaml and installed package metadata,Generated from pnpm's resolved dependency graph and local package metadata.
workspace,library,npm,@jridgewell/resolve-uri,3.1.2,build,transitive build dependency,MIT,pkg:npm/%40jridgewell/resolve-uri@3.1.2,workspace/pnpm-lock.yaml and installed package metadata,Generated from pnpm's resolved dependency graph and local package metadata.
workspace,library,npm,@jridgewell/sourcemap-codec,1.5.5,build,transitive build dependency,MIT,pkg:npm/%40jridgewell/sourcemap-codec@1.5.5,workspace/pnpm-lock.yaml and installed package metadata,Generated from pnpm's resolved dependency graph and local package metadata.
workspace,library,npm,@jridgewell/trace-mapping,0.3.31,build,transitive build dependency,MIT,pkg:npm/%40jridgewell/trace-mapping@0.3.31,workspace/pnpm-lock.yaml and installed package metadata,Generated from pnpm's resolved dependency graph and local package metadata.
workspace,library,npm,@nanostores/react,1.1.0,runtime,direct runtime dependency,MIT,pkg:npm/%40nanostores/react@1.1.0,workspace/pnpm-lock.yaml and installed package metadata,Generated from pnpm's resolved dependency graph and local package metadata.
workspace,library,npm,@noble/ciphers,1.3.0,runtime,transitive runtime dependency,MIT,pkg:npm/%40noble/ciphers@1.3.0,workspace/pnpm-lock.yaml and installed package metadata,Generated from pnpm's resolved dependency graph and local package metadata.
workspace,library,npm,@noble/hashes,1.8.0,runtime,transitive runtime dependency,MIT,pkg:npm/%40noble/hashes@1.8.0,workspace/pnpm-lock.yaml and installed package metadata,Generated from pnpm's resolved dependency graph and local package metadata.
workspace,library,npm,@oslojs/encoding,1.1.0,build,transitive build dependency,MIT,pkg:npm/%40oslojs/encoding@1.1.0,workspace/pnpm-lock.yaml and installed package metadata,Generated from pnpm's resolved dependency graph and local package metadata.
workspace,library,npm,@radix-ui/number,1.1.2,runtime,transitive runtime dependency,MIT,pkg:npm/%40radix-ui/number@1.1.2,workspace/pnpm-lock.yaml and installed package metadata,Generated from pnpm's resolved dependency graph and local package metadata.
workspace,library,npm,@radix-ui/primitive,1.1.4,runtime,transitive runtime dependency,MIT,pkg:npm/%40radix-ui/primitive@1.1.4,workspace/pnpm-lock.yaml and installed package metadata,Generated from pnpm's resolved dependency graph and local package metadata.
workspace,library,npm,@radix-ui/react-accessible-icon,1.1.9,runtime,transitive runtime dependency,MIT,pkg:npm/%40radix-ui/react-accessible-icon@1.1.9,workspace/pnpm-lock.yaml and installed package metadata,Generated from pnpm's resolved dependency graph and local package metadata.
workspace,library,npm,@radix-ui/react-accordion,1.2.13,runtime,transitive runtime dependency,MIT,pkg:npm/%40radix-ui/react-accordion@1.2.13,workspace/pnpm-lock.yaml and installed package metadata,Generated from pnpm's resolved dependency graph and local package metadata.
workspace,library,npm,@radix-ui/react-alert-dialog,1.1.16,runtime,transitive runtime dependency,MIT,pkg:npm/%40radix-ui/react-alert-dialog@1.1.16,workspace/pnpm-lock.yaml and installed package metadata,Generated from pnpm's resolved dependency graph and local package metadata.
workspace,library,npm,@radix-ui/react-arrow,1.1.9,runtime,transitive runtime dependency,MIT,pkg:npm/%40radix-ui/react-arrow@1.1.9,workspace/pnpm-lock.yaml and installed package metadata,Generated from pnpm's resolved dependency graph and local package metadata.
workspace,library,npm,@radix-ui/react-aspect-ratio,1.1.9,runtime,transitive runtime dependency,MIT,pkg:npm/%40radix-ui/react-aspect-ratio@1.1.9,workspace/pnpm-lock.yaml and installed package metadata,Generated from pnpm's resolved dependency graph and local package metadata.
workspace,library,npm,@radix-ui/react-avatar,1.1.12,runtime,transitive runtime dependency,MIT,pkg:npm/%40radix-ui/react-avatar@1.1.12,workspace/pnpm-lock.yaml and installed package metadata,Generated from pnpm's resolved dependency graph and local package metadata.
workspace,library,npm,@radix-ui/react-checkbox,1.3.4,runtime,transitive runtime dependency,MIT,pkg:npm/%40radix-ui/react-checkbox@1.3.4,workspace/pnpm-lock.yaml and installed package metadata,Generated from pnpm's resolved dependency graph and local package metadata.
workspace,library,npm,@radix-ui/react-collapsible,1.1.13,runtime,transitive runtime dependency,MIT,pkg:npm/%40radix-ui/react-collapsible@1.1.13,workspace/pnpm-lock.yaml and installed package metadata,Generated from pnpm's resolved dependency graph and local package metadata.
workspace,library,npm,@radix-ui/react-collection,1.1.9,runtime,transitive runtime dependency,MIT,pkg:npm/%40radix-ui/react-collection@1.1.9,workspace/pnpm-lock.yaml and installed package metadata,Generated from pnpm's resolved dependency graph and local package metadata.
workspace,library,npm,@radix-ui/react-compose-refs,1.1.3,runtime,transitive runtime dependency,MIT,pkg:npm/%40radix-ui/react-compose-refs@1.1.3,workspace/pnpm-lock.yaml and installed package metadata,Generated from pnpm's resolved dependency graph and local package metadata.
workspace,library,npm,@radix-ui/react-context,1.1.4,runtime,transitive runtime dependency,MIT,pkg:npm/%40radix-ui/react-context@1.1.4,workspace/pnpm-lock.yaml and installed package metadata,Generated from pnpm's resolved dependency graph and local package metadata.
workspace,library,npm,@radix-ui/react-context-menu,2.3.0,runtime,transitive runtime dependency,MIT,pkg:npm/%40radix-ui/react-context-menu@2.3.0,workspace/pnpm-lock.yaml and installed package metadata,Generated from pnpm's resolved dependency graph and local package metadata.
workspace,library,npm,@radix-ui/react-dialog,1.1.16,runtime,transitive runtime dependency,MIT,pkg:npm/%40radix-ui/react-dialog@1.1.16,workspace/pnpm-lock.yaml and installed package metadata,Generated from pnpm's resolved dependency graph and local package metadata.
workspace,library,npm,@radix-ui/react-direction,1.1.2,runtime,transitive runtime dependency,MIT,pkg:npm/%40radix-ui/react-direction@1.1.2,workspace/pnpm-lock.yaml and installed package metadata,Generated from pnpm's resolved dependency graph and local package metadata.
workspace,library,npm,@radix-ui/react-dismissable-layer,1.1.12,runtime,transitive runtime dependency,MIT,pkg:npm/%40radix-ui/react-dismissable-layer@1.1.12,workspace/pnpm-lock.yaml and installed package metadata,Generated from pnpm's resolved dependency graph and local package metadata.
workspace,library,npm,@radix-ui/react-dropdown-menu,2.1.17,runtime,transitive runtime dependency,MIT,pkg:npm/%40radix-ui/react-dropdown-menu@2.1.17,workspace/pnpm-lock.yaml and installed package metadata,Generated from pnpm's resolved dependency graph and local package metadata.
workspace,library,npm,@radix-ui/react-focus-guards,1.1.4,runtime,transitive runtime dependency,MIT,pkg:npm/%40radix-ui/react-focus-guards@1.1.4,workspace/pnpm-lock.yaml and installed package metadata,Generated from pnpm's resolved dependency graph and local package metadata.
workspace,library,npm,@radix-ui/react-focus-scope,1.1.9,runtime,transitive runtime dependency,MIT,pkg:npm/%40radix-ui/react-focus-scope@1.1.9,workspace/pnpm-lock.yaml and installed package metadata,Generated from pnpm's resolved dependency graph and local package metadata.
workspace,library,npm,@radix-ui/react-form,0.1.9,runtime,transitive runtime dependency,MIT,pkg:npm/%40radix-ui/react-form@0.1.9,workspace/pnpm-lock.yaml and installed package metadata,Generated from pnpm's resolved dependency graph and local package metadata.
workspace,library,npm,@radix-ui/react-hover-card,1.1.16,runtime,transitive runtime dependency,MIT,pkg:npm/%40radix-ui/react-hover-card@1.1.16,workspace/pnpm-lock.yaml and installed package metadata,Generated from pnpm's resolved dependency graph and local package metadata.
workspace,library,npm,@radix-ui/react-id,1.1.2,runtime,transitive runtime dependency,MIT,pkg:npm/%40radix-ui/react-id@1.1.2,workspace/pnpm-lock.yaml and installed package metadata,Generated from pnpm's resolved dependency graph and local package metadata.
workspace,library,npm,@radix-ui/react-label,2.1.9,runtime,transitive runtime dependency,MIT,pkg:npm/%40radix-ui/react-label@2.1.9,workspace/pnpm-lock.yaml and installed package metadata,Generated from pnpm's resolved dependency graph and local package metadata.
workspace,library,npm,@radix-ui/react-menu,2.1.17,runtime,transitive runtime dependency,MIT,pkg:npm/%40radix-ui/react-menu@2.1.17,workspace/pnpm-lock.yaml and installed package metadata,Generated from pnpm's resolved dependency graph and local package metadata.
workspace,library,npm,@radix-ui/react-menubar,1.1.17,runtime,transitive runtime dependency,MIT,pkg:npm/%40radix-ui/react-menubar@1.1.17,workspace/pnpm-lock.yaml and installed package metadata,Generated from pnpm's resolved dependency graph and local package metadata.
workspace,library,npm,@radix-ui/react-navigation-menu,1.2.15,runtime,transitive runtime dependency,MIT,pkg:npm/%40radix-ui/react-navigation-menu@1.2.15,workspace/pnpm-lock.yaml and installed package metadata,Generated from pnpm's resolved dependency graph and local package metadata.
workspace,library,npm,@radix-ui/react-one-time-password-field,0.1.9,runtime,transitive runtime dependency,MIT,pkg:npm/%40radix-ui/react-one-time-password-field@0.1.9,workspace/pnpm-lock.yaml and installed package metadata,Generated from pnpm's resolved dependency graph and local package metadata.
workspace,library,npm,@radix-ui/react-password-toggle-field,0.1.4,runtime,transitive runtime dependency,MIT,pkg:npm/%40radix-ui/react-password-toggle-field@0.1.4,workspace/pnpm-lock.yaml and installed package metadata,Generated from pnpm's resolved dependency graph and local package metadata.
workspace,library,npm,@radix-ui/react-popover,1.1.16,runtime,transitive runtime dependency,MIT,pkg:npm/%40radix-ui/react-popover@1.1.16,workspace/pnpm-lock.yaml and installed package metadata,Generated from pnpm's resolved dependency graph and local package metadata.
workspace,library,npm,@radix-ui/react-popper,1.3.0,runtime,transitive runtime dependency,MIT,pkg:npm/%40radix-ui/react-popper@1.3.0,workspace/pnpm-lock.yaml and installed package metadata,Generated from pnpm's resolved dependency graph and local package metadata.
workspace,library,npm,@radix-ui/react-portal,1.1.11,runtime,transitive runtime dependency,MIT,pkg:npm/%40radix-ui/react-portal@1.1.11,workspace/pnpm-lock.yaml and installed package metadata,Generated from pnpm's resolved dependency graph and local package metadata.
workspace,library,npm,@radix-ui/react-presence,1.1.6,runtime,transitive runtime dependency,MIT,pkg:npm/%40radix-ui/react-presence@1.1.6,workspace/pnpm-lock.yaml and installed package metadata,Generated from pnpm's resolved dependency graph and local package metadata.
workspace,library,npm,@radix-ui/react-primitive,2.1.5,runtime,transitive runtime dependency,MIT,pkg:npm/%40radix-ui/react-primitive@2.1.5,workspace/pnpm-lock.yaml and installed package metadata,Generated from pnpm's resolved dependency graph and local package metadata.
workspace,library,npm,@radix-ui/react-progress,1.1.9,runtime,transitive runtime dependency,MIT,pkg:npm/%40radix-ui/react-progress@1.1.9,workspace/pnpm-lock.yaml and installed package metadata,Generated from pnpm's resolved dependency graph and local package metadata.
workspace,library,npm,@radix-ui/react-radio-group,1.4.0,runtime,transitive runtime dependency,MIT,pkg:npm/%40radix-ui/react-radio-group@1.4.0,workspace/pnpm-lock.yaml and installed package metadata,Generated from pnpm's resolved dependency graph and local package metadata.
workspace,library,npm,@radix-ui/react-roving-focus,1.1.12,runtime,transitive runtime dependency,MIT,pkg:npm/%40radix-ui/react-roving-focus@1.1.12,workspace/pnpm-lock.yaml and installed package metadata,Generated from pnpm's resolved dependency graph and local package metadata.
workspace,library,npm,@radix-ui/react-scroll-area,1.2.11,runtime,transitive runtime dependency,MIT,pkg:npm/%40radix-ui/react-scroll-area@1.2.11,workspace/pnpm-lock.yaml and installed package metadata,Generated from pnpm's resolved dependency graph and local package metadata.
workspace,library,npm,@radix-ui/react-select,2.3.0,runtime,transitive runtime dependency,MIT,pkg:npm/%40radix-ui/react-select@2.3.0,workspace/pnpm-lock.yaml and installed package metadata,Generated from pnpm's resolved dependency graph and local package metadata.
workspace,library,npm,@radix-ui/react-separator,1.1.9,runtime,transitive runtime dependency,MIT,pkg:npm/%40radix-ui/react-separator@1.1.9,workspace/pnpm-lock.yaml and installed package metadata,Generated from pnpm's resolved dependency graph and local package metadata.
workspace,library,npm,@radix-ui/react-slider,1.4.0,runtime,transitive runtime dependency,MIT,pkg:npm/%40radix-ui/react-slider@1.4.0,workspace/pnpm-lock.yaml and installed package metadata,Generated from pnpm's resolved dependency graph and local package metadata.
workspace,library,npm,@radix-ui/react-slot,1.2.5,runtime,transitive runtime dependency,MIT,pkg:npm/%40radix-ui/react-slot@1.2.5,workspace/pnpm-lock.yaml and installed package metadata,Generated from pnpm's resolved dependency graph and local package metadata.
workspace,library,npm,@radix-ui/react-switch,1.3.0,runtime,transitive runtime dependency,MIT,pkg:npm/%40radix-ui/react-switch@1.3.0,workspace/pnpm-lock.yaml and installed package metadata,Generated from pnpm's resolved dependency graph and local package metadata.
workspace,library,npm,@radix-ui/react-tabs,1.1.14,runtime,direct runtime dependency,MIT,pkg:npm/%40radix-ui/react-tabs@1.1.14,workspace/pnpm-lock.yaml and installed package metadata,Generated from pnpm's resolved dependency graph and local package metadata.
workspace,library,npm,@radix-ui/react-toast,1.2.16,runtime,transitive runtime dependency,MIT,pkg:npm/%40radix-ui/react-toast@1.2.16,workspace/pnpm-lock.yaml and installed package metadata,Generated from pnpm's resolved dependency graph and local package metadata.
workspace,library,npm,@radix-ui/react-toggle,1.1.11,runtime,transitive runtime dependency,MIT,pkg:npm/%40radix-ui/react-toggle@1.1.11,workspace/pnpm-lock.yaml and installed package metadata,Generated from pnpm's resolved dependency graph and local package metadata.
workspace,library,npm,@radix-ui/react-toggle-group,1.1.12,runtime,transitive runtime dependency,MIT,pkg:npm/%40radix-ui/react-toggle-group@1.1.12,workspace/pnpm-lock.yaml and installed package metadata,Generated from pnpm's resolved dependency graph and local package metadata.
workspace,library,npm,@radix-ui/react-toolbar,1.1.12,runtime,transitive runtime dependency,MIT,pkg:npm/%40radix-ui/react-toolbar@1.1.12,workspace/pnpm-lock.yaml and installed package metadata,Generated from pnpm's resolved dependency graph and local package metadata.
workspace,library,npm,@radix-ui/react-tooltip,1.2.9,runtime,transitive runtime dependency,MIT,pkg:npm/%40radix-ui/react-tooltip@1.2.9,workspace/pnpm-lock.yaml and installed package metadata,Generated from pnpm's resolved dependency graph and local package metadata.
workspace,library,npm,@radix-ui/react-use-callback-ref,1.1.2,runtime,transitive runtime dependency,MIT,pkg:npm/%40radix-ui/react-use-callback-ref@1.1.2,workspace/pnpm-lock.yaml and installed package metadata,Generated from pnpm's resolved dependency graph and local package metadata.
workspace,library,npm,@radix-ui/react-use-controllable-state,1.2.3,runtime,transitive runtime dependency,MIT,pkg:npm/%40radix-ui/react-use-controllable-state@1.2.3,workspace/pnpm-lock.yaml and installed package metadata,Generated from pnpm's resolved dependency graph and local package metadata.
workspace,library,npm,@radix-ui/react-use-effect-event,0.0.3,runtime,transitive runtime dependency,MIT,pkg:npm/%40radix-ui/react-use-effect-event@0.0.3,workspace/pnpm-lock.yaml and installed package metadata,Generated from pnpm's resolved dependency graph and local package metadata.
workspace,library,npm,@radix-ui/react-use-escape-keydown,1.1.2,runtime,transitive runtime dependency,MIT,pkg:npm/%40radix-ui/react-use-escape-keydown@1.1.2,workspace/pnpm-lock.yaml and installed package metadata,Generated from pnpm's resolved dependency graph and local package metadata.
workspace,library,npm,@radix-ui/react-use-is-hydrated,0.1.1,runtime,transitive runtime dependency,MIT,pkg:npm/%40radix-ui/react-use-is-hydrated@0.1.1,workspace/pnpm-lock.yaml and installed package metadata,Generated from pnpm's resolved dependency graph and local package metadata.
workspace,library,npm,@radix-ui/react-use-layout-effect,1.1.2,runtime,transitive runtime dependency,MIT,pkg:npm/%40radix-ui/react-use-layout-effect@1.1.2,workspace/pnpm-lock.yaml and installed package metadata,Generated from pnpm's resolved dependency graph and local package metadata.
workspace,library,npm,@radix-ui/react-use-previous,1.1.2,runtime,transitive runtime dependency,MIT,pkg:npm/%40radix-ui/react-use-previous@1.1.2,workspace/pnpm-lock.yaml and installed package metadata,Generated from pnpm's resolved dependency graph and local package metadata.
workspace,library,npm,@radix-ui/react-use-rect,1.1.2,runtime,transitive runtime dependency,MIT,pkg:npm/%40radix-ui/react-use-rect@1.1.2,workspace/pnpm-lock.yaml and installed package metadata,Generated from pnpm's resolved dependency graph and local package metadata.
workspace,library,npm,@radix-ui/react-use-size,1.1.2,runtime,transitive runtime dependency,MIT,pkg:npm/%40radix-ui/react-use-size@1.1.2,workspace/pnpm-lock.yaml and installed package metadata,Generated from pnpm's resolved dependency graph and local package metadata.
workspace,library,npm,@radix-ui/react-visually-hidden,1.2.5,runtime,transitive runtime dependency,MIT,pkg:npm/%40radix-ui/react-visually-hidden@1.2.5,workspace/pnpm-lock.yaml and installed package metadata,Generated from pnpm's resolved dependency graph and local package metadata.
workspace,library,npm,@radix-ui/rect,1.1.2,runtime,transitive runtime dependency,MIT,pkg:npm/%40radix-ui/rect@1.1.2,workspace/pnpm-lock.yaml and installed package metadata,Generated from pnpm's resolved dependency graph and local package metadata.
workspace,library,npm,@react-pdf/fns,3.1.3,runtime,transitive runtime dependency,MIT,pkg:npm/%40react-pdf/fns@3.1.3,workspace/pnpm-lock.yaml and installed package metadata,Generated from pnpm's resolved dependency graph and local package metadata.
workspace,library,npm,@react-pdf/image,3.1.0,runtime,transitive runtime dependency,MIT,pkg:npm/%40react-pdf/image@3.1.0,workspace/pnpm-lock.yaml and installed package metadata,Generated from pnpm's resolved dependency graph and local package metadata.
workspace,library,npm,@react-pdf/layout,4.6.1,runtime,transitive runtime dependency,MIT,pkg:npm/%40react-pdf/layout@4.6.1,workspace/pnpm-lock.yaml and installed package metadata,Generated from pnpm's resolved dependency graph and local package metadata.
workspace,library,npm,@react-pdf/pdfkit,5.1.1,runtime,transitive runtime dependency,MIT,pkg:npm/%40react-pdf/pdfkit@5.1.1,workspace/pnpm-lock.yaml and installed package metadata,Generated from pnpm's resolved dependency graph and local package metadata.
workspace,library,npm,@react-pdf/reconciler,2.0.0,runtime,transitive runtime dependency,MIT,pkg:npm/%40react-pdf/reconciler@2.0.0,workspace/pnpm-lock.yaml and installed package metadata,Generated from pnpm's resolved dependency graph and local package metadata.
workspace,library,npm,@react-pdf/render,4.5.1,runtime,transitive runtime dependency,MIT,pkg:npm/%40react-pdf/render@4.5.1,workspace/pnpm-lock.yaml and installed package metadata,Generated from pnpm's resolved dependency graph and local package metadata.
workspace,library,npm,@react-pdf/renderer,4.5.1,runtime,direct runtime dependency,MIT,pkg:npm/%40react-pdf/renderer@4.5.1,workspace/pnpm-lock.yaml and installed package metadata,Generated from pnpm's resolved dependency graph and local package metadata.
workspace,library,npm,@react-pdf/svg,1.1.0,runtime,transitive runtime dependency,MIT,pkg:npm/%40react-pdf/svg@1.1.0,workspace/pnpm-lock.yaml and installed package metadata,Generated from pnpm's resolved dependency graph and local package metadata.
workspace,library,npm,@react-pdf/textkit,6.3.0,runtime,transitive runtime dependency,MIT,pkg:npm/%40react-pdf/textkit@6.3.0,workspace/pnpm-lock.yaml and installed package metadata,Generated from pnpm's resolved dependency graph and local package metadata.
workspace,library,npm,@rolldown/pluginutils,1.0.0-beta.27,build,transitive build dependency,MIT,pkg:npm/%40rolldown/pluginutils@1.0.0-beta.27,workspace/pnpm-lock.yaml and installed package metadata,Generated from pnpm's resolved dependency graph and local package metadata.
workspace,library,npm,@rollup/pluginutils,5.4.0,build,transitive build dependency,MIT,pkg:npm/%40rollup/pluginutils@5.4.0,workspace/pnpm-lock.yaml and installed package metadata,Generated from pnpm's resolved dependency graph and local package metadata.
workspace,library,npm,@rollup/pluginutils,4.2.1,build,transitive build dependency,MIT,pkg:npm/%40rollup/pluginutils@4.2.1,workspace/pnpm-lock.yaml and installed package metadata,Generated from pnpm's resolved dependency graph and local package metadata.
workspace,library,npm,@rollup/rollup-linux-x64-gnu,4.61.1,build,transitive build dependency,MIT,pkg:npm/%40rollup/rollup-linux-x64-gnu@4.61.1,workspace/pnpm-lock.yaml and installed package metadata,Generated from pnpm's resolved dependency graph and local package metadata.
workspace,library,npm,@shikijs/core,3.23.0,build,transitive build dependency,MIT,pkg:npm/%40shikijs/core@3.23.0,workspace/pnpm-lock.yaml and installed package metadata,Generated from pnpm's resolved dependency graph and local package metadata.
workspace,library,npm,@shikijs/engine-javascript,3.23.0,build,transitive build dependency,MIT,pkg:npm/%40shikijs/engine-javascript@3.23.0,workspace/pnpm-lock.yaml and installed package metadata,Generated from pnpm's resolved dependency graph and local package metadata.
workspace,library,npm,@shikijs/engine-oniguruma,3.23.0,build,transitive build dependency,MIT,pkg:npm/%40shikijs/engine-oniguruma@3.23.0,workspace/pnpm-lock.yaml and installed package metadata,Generated from pnpm's resolved dependency graph and local package metadata.
workspace,library,npm,@shikijs/langs,3.23.0,build,transitive build dependency,MIT,pkg:npm/%40shikijs/langs@3.23.0,workspace/pnpm-lock.yaml and installed package metadata,Generated from pnpm's resolved dependency graph and local package metadata.
workspace,library,npm,@shikijs/themes,3.23.0,build,transitive build dependency,MIT,pkg:npm/%40shikijs/themes@3.23.0,workspace/pnpm-lock.yaml and installed package metadata,Generated from pnpm's resolved dependency graph and local package metadata.
workspace,library,npm,@shikijs/types,3.23.0,build,transitive build dependency,MIT,pkg:npm/%40shikijs/types@3.23.0,workspace/pnpm-lock.yaml and installed package metadata,Generated from pnpm's resolved dependency graph and local package metadata.
workspace,library,npm,@shikijs/vscode-textmate,10.0.2,build,transitive build dependency,MIT,pkg:npm/%40shikijs/vscode-textmate@10.0.2,workspace/pnpm-lock.yaml and installed package metadata,Generated from pnpm's resolved dependency graph and local package metadata.
workspace,library,npm,@spz-loader/core,0.3.1,runtime,transitive runtime dependency,Apache-2.0,pkg:npm/%40spz-loader/core@0.3.1,workspace/pnpm-lock.yaml and installed package metadata,Generated from pnpm's resolved dependency graph and local package metadata.
workspace,library,npm,@tailwindcss/node,4.3.0,build,transitive build dependency,MIT,pkg:npm/%40tailwindcss/node@4.3.0,workspace/pnpm-lock.yaml and installed package metadata,Generated from pnpm's resolved dependency graph and local package metadata.
workspace,library,npm,@tailwindcss/oxide,4.3.0,build,transitive build dependency,MIT,pkg:npm/%40tailwindcss/oxide@4.3.0,workspace/pnpm-lock.yaml and installed package metadata,Generated from pnpm's resolved dependency graph and local package metadata.
workspace,library,npm,@tailwindcss/oxide-linux-x64-gnu,4.3.0,build,transitive build dependency,MIT,pkg:npm/%40tailwindcss/oxide-linux-x64-gnu@4.3.0,workspace/pnpm-lock.yaml and installed package metadata,Generated from pnpm's resolved dependency graph and local package metadata.
workspace,library,npm,@tailwindcss/vite,4.3.0,build,direct build dependency,MIT,pkg:npm/%40tailwindcss/vite@4.3.0,workspace/pnpm-lock.yaml and installed package metadata,Generated from pnpm's resolved dependency graph and local package metadata.
workspace,library,npm,@tanstack/query-core,5.101.0,runtime,transitive runtime dependency,MIT,pkg:npm/%40tanstack/query-core@5.101.0,workspace/pnpm-lock.yaml and installed package metadata,Generated from pnpm's resolved dependency graph and local package metadata.
workspace,library,npm,@tanstack/react-query,5.101.0,runtime,direct runtime dependency,MIT,pkg:npm/%40tanstack/react-query@5.101.0,workspace/pnpm-lock.yaml and installed package metadata,Generated from pnpm's resolved dependency graph and local package metadata.
workspace,library,npm,@tanstack/react-table,8.21.3,runtime,direct runtime dependency,MIT,pkg:npm/%40tanstack/react-table@8.21.3,workspace/pnpm-lock.yaml and installed package metadata,Generated from pnpm's resolved dependency graph and local package metadata.
workspace,library,npm,@tanstack/table-core,8.21.3,runtime,transitive runtime dependency,MIT,pkg:npm/%40tanstack/table-core@8.21.3,workspace/pnpm-lock.yaml and installed package metadata,Generated from pnpm's resolved dependency graph and local package metadata.
workspace,library,npm,@tweenjs/tween.js,25.0.0,runtime,transitive runtime dependency,MIT,pkg:npm/%40tweenjs/tween.js@25.0.0,workspace/pnpm-lock.yaml and installed package metadata,Generated from pnpm's resolved dependency graph and local package metadata.
workspace,library,npm,@types/babel__core,7.20.5,build,transitive build dependency,MIT,pkg:npm/%40types/babel__core@7.20.5,workspace/pnpm-lock.yaml and installed package metadata,Generated from pnpm's resolved dependency graph and local package metadata.
workspace,library,npm,@types/babel__generator,7.27.0,build,transitive build dependency,MIT,pkg:npm/%40types/babel__generator@7.27.0,workspace/pnpm-lock.yaml and installed package metadata,Generated from pnpm's resolved dependency graph and local package metadata.
workspace,library,npm,@types/babel__template,7.4.4,build,transitive build dependency,MIT,pkg:npm/%40types/babel__template@7.4.4,workspace/pnpm-lock.yaml and installed package metadata,Generated from pnpm's resolved dependency graph and local package metadata.
workspace,library,npm,@types/babel__traverse,7.28.0,build,transitive build dependency,MIT,pkg:npm/%40types/babel__traverse@7.28.0,workspace/pnpm-lock.yaml and installed package metadata,Generated from pnpm's resolved dependency graph and local package metadata.
workspace,library,npm,@types/debug,4.1.13,runtime,transitive runtime dependency,MIT,pkg:npm/%40types/debug@4.1.13,workspace/pnpm-lock.yaml and installed package metadata,Generated from pnpm's resolved dependency graph and local package metadata.
workspace,library,npm,@types/estree,1.0.9,build,transitive build dependency,MIT,pkg:npm/%40types/estree@1.0.9,workspace/pnpm-lock.yaml and installed package metadata,Generated from pnpm's resolved dependency graph and local package metadata.
workspace,library,npm,@types/estree-jsx,1.0.5,runtime,transitive runtime dependency,MIT,pkg:npm/%40types/estree-jsx@1.0.5,workspace/pnpm-lock.yaml and installed package metadata,Generated from pnpm's resolved dependency graph and local package metadata.
workspace,library,npm,@types/hast,3.0.4,runtime,transitive runtime dependency,MIT,pkg:npm/%40types/hast@3.0.4,workspace/pnpm-lock.yaml and installed package metadata,Generated from pnpm's resolved dependency graph and local package metadata.
workspace,library,npm,@types/mdast,4.0.4,runtime,transitive runtime dependency,MIT,pkg:npm/%40types/mdast@4.0.4,workspace/pnpm-lock.yaml and installed package metadata,Generated from pnpm's resolved dependency graph and local package metadata.
workspace,library,npm,@types/ms,2.1.0,runtime,transitive runtime dependency,MIT,pkg:npm/%40types/ms@2.1.0,workspace/pnpm-lock.yaml and installed package metadata,Generated from pnpm's resolved dependency graph and local package metadata.
workspace,library,npm,@types/nlcst,2.0.3,build,transitive build dependency,MIT,pkg:npm/%40types/nlcst@2.0.3,workspace/pnpm-lock.yaml and installed package metadata,Generated from pnpm's resolved dependency graph and local package metadata.
workspace,library,npm,@types/trusted-types,2.0.7,runtime,transitive runtime dependency,MIT,pkg:npm/%40types/trusted-types@2.0.7,workspace/pnpm-lock.yaml and installed package metadata,Generated from pnpm's resolved dependency graph and local package metadata.
workspace,library,npm,@types/unist,3.0.3,build,transitive build dependency,MIT,pkg:npm/%40types/unist@3.0.3,workspace/pnpm-lock.yaml and installed package metadata,Generated from pnpm's resolved dependency graph and local package metadata.
workspace,library,npm,@types/unist,2.0.11,runtime,transitive runtime dependency,MIT,pkg:npm/%40types/unist@2.0.11,workspace/pnpm-lock.yaml and installed package metadata,Generated from pnpm's resolved dependency graph and local package metadata.
workspace,library,npm,@uidotdev/usehooks,2.4.1,runtime,direct runtime dependency,MIT,pkg:npm/%40uidotdev/usehooks@2.4.1,workspace/pnpm-lock.yaml and installed package metadata,Generated from pnpm's resolved dependency graph and local package metadata.
workspace,library,npm,@ungap/structured-clone,1.3.1,runtime,transitive runtime dependency,ISC,pkg:npm/%40ungap/structured-clone@1.3.1,workspace/pnpm-lock.yaml and installed package metadata,Generated from pnpm's resolved dependency graph and local package metadata.
workspace,library,npm,@vitejs/plugin-react,4.7.0,build,transitive build dependency,MIT,pkg:npm/%40vitejs/plugin-react@4.7.0,workspace/pnpm-lock.yaml and installed package metadata,Generated from pnpm's resolved dependency graph and local package metadata.
workspace,library,npm,@zip.js/zip.js,2.8.26,runtime,transitive runtime dependency,BSD-3-Clause,pkg:npm/%40zip.js/zip.js@2.8.26,workspace/pnpm-lock.yaml and installed package metadata,Generated from pnpm's resolved dependency graph and local package metadata.
workspace,library,npm,abs-svg-path,0.1.1,runtime,transitive runtime dependency,MIT,pkg:npm/abs-svg-path@0.1.1,workspace/pnpm-lock.yaml and installed package metadata,Generated from pnpm's resolved dependency graph and local package metadata.
workspace,library,npm,acorn,8.16.0,build,transitive build dependency,MIT,pkg:npm/acorn@8.16.0,workspace/pnpm-lock.yaml and installed package metadata,Generated from pnpm's resolved dependency graph and local package metadata.
workspace,library,npm,ansi-align,3.0.1,build,transitive build dependency,ISC,pkg:npm/ansi-align@3.0.1,workspace/pnpm-lock.yaml and installed package metadata,Generated from pnpm's resolved dependency graph and local package metadata.
workspace,library,npm,ansi-styles,6.2.3,build,transitive build dependency,MIT,pkg:npm/ansi-styles@6.2.3,workspace/pnpm-lock.yaml and installed package metadata,Generated from pnpm's resolved dependency graph and local package metadata.
workspace,library,npm,anymatch,3.1.3,build,transitive build dependency,ISC,pkg:npm/anymatch@3.1.3,workspace/pnpm-lock.yaml and installed package metadata,Generated from pnpm's resolved dependency graph and local package metadata.
workspace,library,npm,argparse,2.0.1,build,transitive build dependency,Python-2.0,pkg:npm/argparse@2.0.1,workspace/pnpm-lock.yaml and installed package metadata,Generated from pnpm's resolved dependency graph and local package metadata.
workspace,library,npm,aria-hidden,1.2.6,runtime,transitive runtime dependency,MIT,pkg:npm/aria-hidden@1.2.6,workspace/pnpm-lock.yaml and installed package metadata,Generated from pnpm's resolved dependency graph and local package metadata.
workspace,library,npm,aria-query,5.3.2,build,transitive build dependency,Apache-2.0,pkg:npm/aria-query@5.3.2,workspace/pnpm-lock.yaml and installed package metadata,Generated from pnpm's resolved dependency graph and local package metadata.
workspace,library,npm,array-iterate,2.0.1,build,transitive build dependency,MIT,pkg:npm/array-iterate@2.0.1,workspace/pnpm-lock.yaml and installed package metadata,Generated from pnpm's resolved dependency graph and local package metadata.
workspace,library,npm,astro,5.18.2,build,direct build dependency,MIT,pkg:npm/astro@5.18.2,workspace/pnpm-lock.yaml and installed package metadata,Generated from pnpm's resolved dependency graph and local package metadata.
workspace,library,npm,at-least-node,1.0.0,build,transitive build dependency,ISC,pkg:npm/at-least-node@1.0.0,workspace/pnpm-lock.yaml and installed package metadata,Generated from pnpm's resolved dependency graph and local package metadata.
workspace,library,npm,autolinker,4.1.5,runtime,transitive runtime dependency,MIT,pkg:npm/autolinker@4.1.5,workspace/pnpm-lock.yaml and installed package metadata,Generated from pnpm's resolved dependency graph and local package metadata.
workspace,library,npm,axobject-query,4.1.0,build,transitive build dependency,Apache-2.0,pkg:npm/axobject-query@4.1.0,workspace/pnpm-lock.yaml and installed package metadata,Generated from pnpm's resolved dependency graph and local package metadata.
workspace,library,npm,bail,2.0.2,runtime,transitive runtime dependency,MIT,pkg:npm/bail@2.0.2,workspace/pnpm-lock.yaml and installed package metadata,Generated from pnpm's resolved dependency graph and local package metadata.
workspace,library,npm,base-64,1.0.0,build,transitive build dependency,MIT,pkg:npm/base-64@1.0.0,workspace/pnpm-lock.yaml and installed package metadata,Generated from pnpm's resolved dependency graph and local package metadata.
workspace,library,npm,base64-js,0.0.8,runtime,transitive runtime dependency,MIT,pkg:npm/base64-js@0.0.8,workspace/pnpm-lock.yaml and installed package metadata,Generated from pnpm's resolved dependency graph and local package metadata.
workspace,library,npm,bidi-js,1.0.3,runtime,transitive runtime dependency,MIT,pkg:npm/bidi-js@1.0.3,workspace/pnpm-lock.yaml and installed package metadata,Generated from pnpm's resolved dependency graph and local package metadata.
workspace,library,npm,bitmap-sdf,1.0.4,runtime,transitive runtime dependency,MIT,pkg:npm/bitmap-sdf@1.0.4,workspace/pnpm-lock.yaml and installed package metadata,Generated from pnpm's resolved dependency graph and local package metadata.
workspace,library,npm,boolbase,1.0.0,build,transitive build dependency,ISC,pkg:npm/boolbase@1.0.0,workspace/pnpm-lock.yaml and installed package metadata,Generated from pnpm's resolved dependency graph and local package metadata.
workspace,library,npm,boxen,8.0.1,build,transitive build dependency,MIT,pkg:npm/boxen@8.0.1,workspace/pnpm-lock.yaml and installed package metadata,Generated from pnpm's resolved dependency graph and local package metadata.
workspace,library,npm,browserify-zlib,0.2.0,runtime,transitive runtime dependency,MIT,pkg:npm/browserify-zlib@0.2.0,workspace/pnpm-lock.yaml and installed package metadata,Generated from pnpm's resolved dependency graph and local package metadata.
workspace,library,npm,camelcase,8.0.0,build,transitive build dependency,MIT,pkg:npm/camelcase@8.0.0,workspace/pnpm-lock.yaml and installed package metadata,Generated from pnpm's resolved dependency graph and local package metadata.
workspace,library,npm,ccount,2.0.1,runtime,transitive runtime dependency,MIT,pkg:npm/ccount@2.0.1,workspace/pnpm-lock.yaml and installed package metadata,Generated from pnpm's resolved dependency graph and local package metadata.
workspace,library,npm,cesium,1.142.0,runtime,direct runtime dependency,Apache-2.0,pkg:npm/cesium@1.142.0,workspace/pnpm-lock.yaml and installed package metadata,Generated from pnpm's resolved dependency graph and local package metadata.
workspace,library,npm,chalk,5.6.2,build,transitive build dependency,MIT,pkg:npm/chalk@5.6.2,workspace/pnpm-lock.yaml and installed package metadata,Generated from pnpm's resolved dependency graph and local package metadata.
workspace,library,npm,character-entities,2.0.2,runtime,transitive runtime dependency,MIT,pkg:npm/character-entities@2.0.2,workspace/pnpm-lock.yaml and installed package metadata,Generated from pnpm's resolved dependency graph and local package metadata.
workspace,library,npm,character-entities-html4,2.1.0,runtime,transitive runtime dependency,MIT,pkg:npm/character-entities-html4@2.1.0,workspace/pnpm-lock.yaml and installed package metadata,Generated from pnpm's resolved dependency graph and local package metadata.
workspace,library,npm,character-entities-legacy,3.0.0,runtime,transitive runtime dependency,MIT,pkg:npm/character-entities-legacy@3.0.0,workspace/pnpm-lock.yaml and installed package metadata,Generated from pnpm's resolved dependency graph and local package metadata.
workspace,library,npm,character-reference-invalid,2.0.1,runtime,transitive runtime dependency,MIT,pkg:npm/character-reference-invalid@2.0.1,workspace/pnpm-lock.yaml and installed package metadata,Generated from pnpm's resolved dependency graph and local package metadata.
workspace,library,npm,chokidar,5.0.0,build,transitive build dependency,MIT,pkg:npm/chokidar@5.0.0,workspace/pnpm-lock.yaml and installed package metadata,Generated from pnpm's resolved dependency graph and local package metadata.
workspace,library,npm,ci-info,4.4.0,build,transitive build dependency,MIT,pkg:npm/ci-info@4.4.0,workspace/pnpm-lock.yaml and installed package metadata,Generated from pnpm's resolved dependency graph and local package metadata.
workspace,library,npm,class-variance-authority,0.7.1,runtime,direct runtime dependency,Apache-2.0,pkg:npm/class-variance-authority@0.7.1,workspace/pnpm-lock.yaml and installed package metadata,Generated from pnpm's resolved dependency graph and local package metadata.
workspace,library,npm,cli-boxes,3.0.0,build,transitive build dependency,MIT,pkg:npm/cli-boxes@3.0.0,workspace/pnpm-lock.yaml and installed package metadata,Generated from pnpm's resolved dependency graph and local package metadata.
workspace,library,npm,clsx,2.1.1,runtime,direct runtime dependency,MIT,pkg:npm/clsx@2.1.1,workspace/pnpm-lock.yaml and installed package metadata,Generated from pnpm's resolved dependency graph and local package metadata.
workspace,library,npm,cmdk,1.1.1,runtime,direct runtime dependency,MIT,pkg:npm/cmdk@1.1.1,workspace/pnpm-lock.yaml and installed package metadata,Generated from pnpm's resolved dependency graph and local package metadata.
workspace,library,npm,comma-separated-tokens,2.0.3,runtime,transitive runtime dependency,MIT,pkg:npm/comma-separated-tokens@2.0.3,workspace/pnpm-lock.yaml and installed package metadata,Generated from pnpm's resolved dependency graph and local package metadata.
workspace,library,npm,commander,11.1.0,build,transitive build dependency,MIT,pkg:npm/commander@11.1.0,workspace/pnpm-lock.yaml and installed package metadata,Generated from pnpm's resolved dependency graph and local package metadata.
workspace,library,npm,commander,2.20.3,runtime,transitive runtime dependency,MIT,pkg:npm/commander@2.20.3,workspace/pnpm-lock.yaml and installed package metadata,Generated from pnpm's resolved dependency graph and local package metadata.
workspace,library,npm,common-ancestor-path,1.0.1,build,transitive build dependency,ISC,pkg:npm/common-ancestor-path@1.0.1,workspace/pnpm-lock.yaml and installed package metadata,Generated from pnpm's resolved dependency graph and local package metadata.
workspace,library,npm,cookie,1.1.1,build,transitive build dependency,MIT,pkg:npm/cookie@1.1.1,workspace/pnpm-lock.yaml and installed package metadata,Generated from pnpm's resolved dependency graph and local package metadata.
workspace,library,npm,cookie-es,1.2.3,build,transitive build dependency,MIT,pkg:npm/cookie-es@1.2.3,workspace/pnpm-lock.yaml and installed package metadata,Generated from pnpm's resolved dependency graph and local package metadata.
workspace,library,npm,crossws,0.3.5,build,transitive build dependency,MIT,pkg:npm/crossws@0.3.5,workspace/pnpm-lock.yaml and installed package metadata,Generated from pnpm's resolved dependency graph and local package metadata.
workspace,library,npm,css-select,5.2.2,build,transitive build dependency,BSD-2-Clause,pkg:npm/css-select@5.2.2,workspace/pnpm-lock.yaml and installed package metadata,Generated from pnpm's resolved dependency graph and local package metadata.
workspace,library,npm,css-tree,3.2.1,build,transitive build dependency,MIT,pkg:npm/css-tree@3.2.1,workspace/pnpm-lock.yaml and installed package metadata,Generated from pnpm's resolved dependency graph and local package metadata.
workspace,library,npm,css-tree,2.2.1,build,transitive build dependency,MIT,pkg:npm/css-tree@2.2.1,workspace/pnpm-lock.yaml and installed package metadata,Generated from pnpm's resolved dependency graph and local package metadata.
workspace,library,npm,css-what,6.2.2,build,transitive build dependency,BSD-2-Clause,pkg:npm/css-what@6.2.2,workspace/pnpm-lock.yaml and installed package metadata,Generated from pnpm's resolved dependency graph and local package metadata.
workspace,library,npm,cssesc,3.0.0,build,transitive build dependency,MIT,pkg:npm/cssesc@3.0.0,workspace/pnpm-lock.yaml and installed package metadata,Generated from pnpm's resolved dependency graph and local package metadata.
workspace,library,npm,csso,5.0.5,build,transitive build dependency,MIT,pkg:npm/csso@5.0.5,workspace/pnpm-lock.yaml and installed package metadata,Generated from pnpm's resolved dependency graph and local package metadata.
workspace,library,npm,debug,4.4.3,build,transitive build dependency,MIT,pkg:npm/debug@4.4.3,workspace/pnpm-lock.yaml and installed package metadata,Generated from pnpm's resolved dependency graph and local package metadata.
workspace,library,npm,debug,2.6.9,build,transitive build dependency,MIT,pkg:npm/debug@2.6.9,workspace/pnpm-lock.yaml and installed package metadata,Generated from pnpm's resolved dependency graph and local package metadata.
workspace,library,npm,decode-named-character-reference,1.3.0,runtime,transitive runtime dependency,MIT,pkg:npm/decode-named-character-reference@1.3.0,workspace/pnpm-lock.yaml and installed package metadata,Generated from pnpm's resolved dependency graph and local package metadata.
workspace,library,npm,dequal,2.0.3,runtime,transitive runtime dependency,MIT,pkg:npm/dequal@2.0.3,workspace/pnpm-lock.yaml and installed package metadata,Generated from pnpm's resolved dependency graph and local package metadata.
workspace,library,npm,destr,2.0.5,build,transitive build dependency,MIT,pkg:npm/destr@2.0.5,workspace/pnpm-lock.yaml and installed package metadata,Generated from pnpm's resolved dependency graph and local package metadata.
workspace,library,npm,destroy,1.2.0,build,transitive build dependency,MIT,pkg:npm/destroy@1.2.0,workspace/pnpm-lock.yaml and installed package metadata,Generated from pnpm's resolved dependency graph and local package metadata.
workspace,library,npm,detect-libc,2.1.2,build,transitive build dependency,Apache-2.0,pkg:npm/detect-libc@2.1.2,workspace/pnpm-lock.yaml and installed package metadata,Generated from pnpm's resolved dependency graph and local package metadata.
workspace,library,npm,detect-node-es,1.1.0,runtime,transitive runtime dependency,MIT,pkg:npm/detect-node-es@1.1.0,workspace/pnpm-lock.yaml and installed package metadata,Generated from pnpm's resolved dependency graph and local package metadata.
workspace,library,npm,deterministic-object-hash,2.0.2,build,transitive build dependency,MIT,pkg:npm/deterministic-object-hash@2.0.2,workspace/pnpm-lock.yaml and installed package metadata,Generated from pnpm's resolved dependency graph and local package metadata.
workspace,library,npm,devalue,5.8.1,build,transitive build dependency,MIT,pkg:npm/devalue@5.8.1,workspace/pnpm-lock.yaml and installed package metadata,Generated from pnpm's resolved dependency graph and local package metadata.
workspace,library,npm,devlop,1.1.0,runtime,transitive runtime dependency,MIT,pkg:npm/devlop@1.1.0,workspace/pnpm-lock.yaml and installed package metadata,Generated from pnpm's resolved dependency graph and local package metadata.
workspace,library,npm,diff,8.0.4,build,transitive build dependency,BSD-3-Clause,pkg:npm/diff@8.0.4,workspace/pnpm-lock.yaml and installed package metadata,Generated from pnpm's resolved dependency graph and local package metadata.
workspace,library,npm,dlv,1.1.3,build,transitive build dependency,MIT,pkg:npm/dlv@1.1.3,workspace/pnpm-lock.yaml and installed package metadata,Generated from pnpm's resolved dependency graph and local package metadata.
workspace,library,npm,dom-serializer,2.0.0,build,transitive build dependency,MIT,pkg:npm/dom-serializer@2.0.0,workspace/pnpm-lock.yaml and installed package metadata,Generated from pnpm's resolved dependency graph and local package metadata.
workspace,library,npm,domelementtype,2.3.0,build,transitive build dependency,BSD-2-Clause,pkg:npm/domelementtype@2.3.0,workspace/pnpm-lock.yaml and installed package metadata,Generated from pnpm's resolved dependency graph and local package metadata.
workspace,library,npm,domhandler,5.0.3,build,transitive build dependency,BSD-2-Clause,pkg:npm/domhandler@5.0.3,workspace/pnpm-lock.yaml and installed package metadata,Generated from pnpm's resolved dependency graph and local package metadata.
workspace,library,npm,dompurify,3.4.9,runtime,transitive runtime dependency,(MPL-2.0 OR Apache-2.0),pkg:npm/dompurify@3.4.9,workspace/pnpm-lock.yaml and installed package metadata,Generated from pnpm's resolved dependency graph and local package metadata.
workspace,library,npm,domutils,3.2.2,build,transitive build dependency,BSD-2-Clause,pkg:npm/domutils@3.2.2,workspace/pnpm-lock.yaml and installed package metadata,Generated from pnpm's resolved dependency graph and local package metadata.
workspace,library,npm,draco3d,1.5.7,runtime,transitive runtime dependency,Apache-2.0,pkg:npm/draco3d@1.5.7,workspace/pnpm-lock.yaml and installed package metadata,Generated from pnpm's resolved dependency graph and local package metadata.
workspace,library,npm,dset,3.1.4,build,transitive build dependency,MIT,pkg:npm/dset@3.1.4,workspace/pnpm-lock.yaml and installed package metadata,Generated from pnpm's resolved dependency graph and local package metadata.
workspace,library,npm,earcut,3.0.2,runtime,transitive runtime dependency,ISC,pkg:npm/earcut@3.0.2,workspace/pnpm-lock.yaml and installed package metadata,Generated from pnpm's resolved dependency graph and local package metadata.
workspace,library,npm,emoji-regex,10.6.0,build,transitive build dependency,MIT,pkg:npm/emoji-regex@10.6.0,workspace/pnpm-lock.yaml and installed package metadata,Generated from pnpm's resolved dependency graph and local package metadata.
workspace,library,npm,emoji-regex,8.0.0,build,transitive build dependency,MIT,pkg:npm/emoji-regex@8.0.0,workspace/pnpm-lock.yaml and installed package metadata,Generated from pnpm's resolved dependency graph and local package metadata.
workspace,library,npm,emoji-regex-xs,1.0.0,runtime,transitive runtime dependency,MIT,pkg:npm/emoji-regex-xs@1.0.0,workspace/pnpm-lock.yaml and installed package metadata,Generated from pnpm's resolved dependency graph and local package metadata.
workspace,library,npm,encodeurl,2.0.0,build,transitive build dependency,MIT,pkg:npm/encodeurl@2.0.0,workspace/pnpm-lock.yaml and installed package metadata,Generated from pnpm's resolved dependency graph and local package metadata.
workspace,library,npm,enhanced-resolve,5.23.0,build,transitive build dependency,MIT,pkg:npm/enhanced-resolve@5.23.0,workspace/pnpm-lock.yaml and installed package metadata,Generated from pnpm's resolved dependency graph and local package metadata.
workspace,library,npm,entities,6.0.1,build,transitive build dependency,BSD-2-Clause,pkg:npm/entities@6.0.1,workspace/pnpm-lock.yaml and installed package metadata,Generated from pnpm's resolved dependency graph and local package metadata.
workspace,library,npm,entities,4.5.0,build,transitive build dependency,BSD-2-Clause,pkg:npm/entities@4.5.0,workspace/pnpm-lock.yaml and installed package metadata,Generated from pnpm's resolved dependency graph and local package metadata.
workspace,library,npm,es-module-lexer,1.7.0,build,transitive build dependency,MIT,pkg:npm/es-module-lexer@1.7.0,workspace/pnpm-lock.yaml and installed package metadata,Generated from pnpm's resolved dependency graph and local package metadata.
workspace,library,npm,esbuild,0.27.7,build,transitive build dependency,MIT,pkg:npm/esbuild@0.27.7,workspace/pnpm-lock.yaml and installed package metadata,Generated from pnpm's resolved dependency graph and local package metadata.
workspace,library,npm,esbuild,0.25.12,build,transitive build dependency,MIT,pkg:npm/esbuild@0.25.12,workspace/pnpm-lock.yaml and installed package metadata,Generated from pnpm's resolved dependency graph and local package metadata.
workspace,library,npm,escape-html,1.0.3,build,transitive build dependency,MIT,pkg:npm/escape-html@1.0.3,workspace/pnpm-lock.yaml and installed package metadata,Generated from pnpm's resolved dependency graph and local package metadata.
workspace,library,npm,escape-string-regexp,5.0.0,runtime,transitive runtime dependency,MIT,pkg:npm/escape-string-regexp@5.0.0,workspace/pnpm-lock.yaml and installed package metadata,Generated from pnpm's resolved dependency graph and local package metadata.
workspace,library,npm,estree-util-is-identifier-name,3.0.0,runtime,transitive runtime dependency,MIT,pkg:npm/estree-util-is-identifier-name@3.0.0,workspace/pnpm-lock.yaml and installed package metadata,Generated from pnpm's resolved dependency graph and local package metadata.
workspace,library,npm,estree-walker,3.0.3,build,transitive build dependency,MIT,pkg:npm/estree-walker@3.0.3,workspace/pnpm-lock.yaml and installed package metadata,Generated from pnpm's resolved dependency graph and local package metadata.
workspace,library,npm,estree-walker,2.0.2,build,transitive build dependency,MIT,pkg:npm/estree-walker@2.0.2,workspace/pnpm-lock.yaml and installed package metadata,Generated from pnpm's resolved dependency graph and local package metadata.
workspace,library,npm,eventemitter3,5.0.4,build,transitive build dependency,MIT,pkg:npm/eventemitter3@5.0.4,workspace/pnpm-lock.yaml and installed package metadata,Generated from pnpm's resolved dependency graph and local package metadata.
workspace,library,npm,events,3.3.0,runtime,transitive runtime dependency,MIT,pkg:npm/events@3.3.0,workspace/pnpm-lock.yaml and installed package metadata,Generated from pnpm's resolved dependency graph and local package metadata.
workspace,library,npm,extend,3.0.2,runtime,transitive runtime dependency,MIT,pkg:npm/extend@3.0.2,workspace/pnpm-lock.yaml and installed package metadata,Generated from pnpm's resolved dependency graph and local package metadata.
workspace,library,npm,fdir,6.5.0,build,transitive build dependency,MIT,pkg:npm/fdir@6.5.0,workspace/pnpm-lock.yaml and installed package metadata,Generated from pnpm's resolved dependency graph and local package metadata.
workspace,library,npm,fflate,0.8.3,runtime,transitive runtime dependency,MIT,pkg:npm/fflate@0.8.3,workspace/pnpm-lock.yaml and installed package metadata,Generated from pnpm's resolved dependency graph and local package metadata.
workspace,library,npm,flattie,1.1.1,build,transitive build dependency,MIT,pkg:npm/flattie@1.1.1,workspace/pnpm-lock.yaml and installed package metadata,Generated from pnpm's resolved dependency graph and local package metadata.
workspace,library,npm,fontace,0.4.1,build,transitive build dependency,MIT,pkg:npm/fontace@0.4.1,workspace/pnpm-lock.yaml and installed package metadata,Generated from pnpm's resolved dependency graph and local package metadata.
workspace,library,npm,fontkitten,1.0.3,build,transitive build dependency,MIT,pkg:npm/fontkitten@1.0.3,workspace/pnpm-lock.yaml and installed package metadata,Generated from pnpm's resolved dependency graph and local package metadata.
workspace,library,npm,framer-motion,12.40.0,runtime,transitive runtime dependency,MIT,pkg:npm/framer-motion@12.40.0,workspace/pnpm-lock.yaml and installed package metadata,Generated from pnpm's resolved dependency graph and local package metadata.
workspace,library,npm,fresh,0.5.2,build,transitive build dependency,MIT,pkg:npm/fresh@0.5.2,workspace/pnpm-lock.yaml and installed package metadata,Generated from pnpm's resolved dependency graph and local package metadata.
workspace,library,npm,fs-extra,9.1.0,build,transitive build dependency,MIT,pkg:npm/fs-extra@9.1.0,workspace/pnpm-lock.yaml and installed package metadata,Generated from pnpm's resolved dependency graph and local package metadata.
workspace,library,npm,get-east-asian-width,1.6.0,build,transitive build dependency,MIT,pkg:npm/get-east-asian-width@1.6.0,workspace/pnpm-lock.yaml and installed package metadata,Generated from pnpm's resolved dependency graph and local package metadata.
workspace,library,npm,get-nonce,1.0.1,runtime,transitive runtime dependency,MIT,pkg:npm/get-nonce@1.0.1,workspace/pnpm-lock.yaml and installed package metadata,Generated from pnpm's resolved dependency graph and local package metadata.
workspace,library,npm,github-slugger,2.0.0,build,transitive build dependency,ISC,pkg:npm/github-slugger@2.0.0,workspace/pnpm-lock.yaml and installed package metadata,Generated from pnpm's resolved dependency graph and local package metadata.
workspace,library,npm,grapheme-splitter,1.0.4,runtime,transitive runtime dependency,MIT,pkg:npm/grapheme-splitter@1.0.4,workspace/pnpm-lock.yaml and installed package metadata,Generated from pnpm's resolved dependency graph and local package metadata.
workspace,library,npm,h3,1.15.11,build,transitive build dependency,MIT,pkg:npm/h3@1.15.11,workspace/pnpm-lock.yaml and installed package metadata,Generated from pnpm's resolved dependency graph and local package metadata.
workspace,library,npm,hast-util-from-html,2.0.3,build,transitive build dependency,MIT,pkg:npm/hast-util-from-html@2.0.3,workspace/pnpm-lock.yaml and installed package metadata,Generated from pnpm's resolved dependency graph and local package metadata.
workspace,library,npm,hast-util-from-parse5,8.0.3,build,transitive build dependency,MIT,pkg:npm/hast-util-from-parse5@8.0.3,workspace/pnpm-lock.yaml and installed package metadata,Generated from pnpm's resolved dependency graph and local package metadata.
workspace,library,npm,hast-util-is-element,3.0.0,build,transitive build dependency,MIT,pkg:npm/hast-util-is-element@3.0.0,workspace/pnpm-lock.yaml and installed package metadata,Generated from pnpm's resolved dependency graph and local package metadata.
workspace,library,npm,hast-util-parse-selector,4.0.0,build,transitive build dependency,MIT,pkg:npm/hast-util-parse-selector@4.0.0,workspace/pnpm-lock.yaml and installed package metadata,Generated from pnpm's resolved dependency graph and local package metadata.
workspace,library,npm,hast-util-raw,9.1.0,build,transitive build dependency,MIT,pkg:npm/hast-util-raw@9.1.0,workspace/pnpm-lock.yaml and installed package metadata,Generated from pnpm's resolved dependency graph and local package metadata.
workspace,library,npm,hast-util-to-html,9.0.5,build,transitive build dependency,MIT,pkg:npm/hast-util-to-html@9.0.5,workspace/pnpm-lock.yaml and installed package metadata,Generated from pnpm's resolved dependency graph and local package metadata.
workspace,library,npm,hast-util-to-jsx-runtime,2.3.6,runtime,transitive runtime dependency,MIT,pkg:npm/hast-util-to-jsx-runtime@2.3.6,workspace/pnpm-lock.yaml and installed package metadata,Generated from pnpm's resolved dependency graph and local package metadata.
workspace,library,npm,hast-util-to-parse5,8.0.1,build,transitive build dependency,MIT,pkg:npm/hast-util-to-parse5@8.0.1,workspace/pnpm-lock.yaml and installed package metadata,Generated from pnpm's resolved dependency graph and local package metadata.
workspace,library,npm,hast-util-to-text,4.0.2,build,transitive build dependency,MIT,pkg:npm/hast-util-to-text@4.0.2,workspace/pnpm-lock.yaml and installed package metadata,Generated from pnpm's resolved dependency graph and local package metadata.
workspace,library,npm,hast-util-whitespace,3.0.0,runtime,transitive runtime dependency,MIT,pkg:npm/hast-util-whitespace@3.0.0,workspace/pnpm-lock.yaml and installed package metadata,Generated from pnpm's resolved dependency graph and local package metadata.
workspace,library,npm,hastscript,9.0.1,build,transitive build dependency,MIT,pkg:npm/hastscript@9.0.1,workspace/pnpm-lock.yaml and installed package metadata,Generated from pnpm's resolved dependency graph and local package metadata.
workspace,library,npm,html-escaper,3.0.3,build,transitive build dependency,MIT,pkg:npm/html-escaper@3.0.3,workspace/pnpm-lock.yaml and installed package metadata,Generated from pnpm's resolved dependency graph and local package metadata.
workspace,library,npm,html-parse-stringify,3.0.1,runtime,transitive runtime dependency,MIT,pkg:npm/html-parse-stringify@3.0.1,workspace/pnpm-lock.yaml and installed package metadata,Generated from pnpm's resolved dependency graph and local package metadata.
workspace,library,npm,html-url-attributes,3.0.1,runtime,transitive runtime dependency,MIT,pkg:npm/html-url-attributes@3.0.1,workspace/pnpm-lock.yaml and installed package metadata,Generated from pnpm's resolved dependency graph and local package metadata.
workspace,library,npm,html-void-elements,3.0.0,build,transitive build dependency,MIT,pkg:npm/html-void-elements@3.0.0,workspace/pnpm-lock.yaml and installed package metadata,Generated from pnpm's resolved dependency graph and local package metadata.
workspace,library,npm,http-cache-semantics,4.2.0,build,transitive build dependency,BSD-2-Clause,pkg:npm/http-cache-semantics@4.2.0,workspace/pnpm-lock.yaml and installed package metadata,Generated from pnpm's resolved dependency graph and local package metadata.
workspace,library,npm,hyphen,1.14.1,runtime,transitive runtime dependency,ISC,pkg:npm/hyphen@1.14.1,workspace/pnpm-lock.yaml and installed package metadata,Generated from pnpm's resolved dependency graph and local package metadata.
workspace,library,npm,i18next,25.10.10,runtime,direct runtime dependency,MIT,pkg:npm/i18next@25.10.10,workspace/pnpm-lock.yaml and installed package metadata,Generated from pnpm's resolved dependency graph and local package metadata.
workspace,library,npm,immer,11.1.8,runtime,direct runtime dependency,MIT,pkg:npm/immer@11.1.8,workspace/pnpm-lock.yaml and installed package metadata,Generated from pnpm's resolved dependency graph and local package metadata.
workspace,library,npm,import-meta-resolve,4.2.0,build,transitive build dependency,MIT,pkg:npm/import-meta-resolve@4.2.0,workspace/pnpm-lock.yaml and installed package metadata,Generated from pnpm's resolved dependency graph and local package metadata.
workspace,library,npm,inherits,2.0.4,runtime,transitive runtime dependency,ISC,pkg:npm/inherits@2.0.4,workspace/pnpm-lock.yaml and installed package metadata,Generated from pnpm's resolved dependency graph and local package metadata.
workspace,library,npm,inline-style-parser,0.2.7,runtime,transitive runtime dependency,MIT,pkg:npm/inline-style-parser@0.2.7,workspace/pnpm-lock.yaml and installed package metadata,Generated from pnpm's resolved dependency graph and local package metadata.
workspace,library,npm,iron-webcrypto,1.2.1,build,transitive build dependency,MIT,pkg:npm/iron-webcrypto@1.2.1,workspace/pnpm-lock.yaml and installed package metadata,Generated from pnpm's resolved dependency graph and local package metadata.
workspace,library,npm,is-alphabetical,2.0.1,runtime,transitive runtime dependency,MIT,pkg:npm/is-alphabetical@2.0.1,workspace/pnpm-lock.yaml and installed package metadata,Generated from pnpm's resolved dependency graph and local package metadata.
workspace,library,npm,is-alphanumerical,2.0.1,runtime,transitive runtime dependency,MIT,pkg:npm/is-alphanumerical@2.0.1,workspace/pnpm-lock.yaml and installed package metadata,Generated from pnpm's resolved dependency graph and local package metadata.
workspace,library,npm,is-decimal,2.0.1,runtime,transitive runtime dependency,MIT,pkg:npm/is-decimal@2.0.1,workspace/pnpm-lock.yaml and installed package metadata,Generated from pnpm's resolved dependency graph and local package metadata.
workspace,library,npm,is-docker,3.0.0,build,transitive build dependency,MIT,pkg:npm/is-docker@3.0.0,workspace/pnpm-lock.yaml and installed package metadata,Generated from pnpm's resolved dependency graph and local package metadata.
workspace,library,npm,is-fullwidth-code-point,3.0.0,build,transitive build dependency,MIT,pkg:npm/is-fullwidth-code-point@3.0.0,workspace/pnpm-lock.yaml and installed package metadata,Generated from pnpm's resolved dependency graph and local package metadata.
workspace,library,npm,is-hexadecimal,2.0.1,runtime,transitive runtime dependency,MIT,pkg:npm/is-hexadecimal@2.0.1,workspace/pnpm-lock.yaml and installed package metadata,Generated from pnpm's resolved dependency graph and local package metadata.
workspace,library,npm,is-reference,1.2.1,build,transitive build dependency,MIT,pkg:npm/is-reference@1.2.1,workspace/pnpm-lock.yaml and installed package metadata,Generated from pnpm's resolved dependency graph and local package metadata.
workspace,library,npm,is-wsl,3.1.1,build,transitive build dependency,MIT,pkg:npm/is-wsl@3.1.1,workspace/pnpm-lock.yaml and installed package metadata,Generated from pnpm's resolved dependency graph and local package metadata.
workspace,library,npm,jay-peg,1.1.1,runtime,transitive runtime dependency,MIT,pkg:npm/jay-peg@1.1.1,workspace/pnpm-lock.yaml and installed package metadata,Generated from pnpm's resolved dependency graph and local package metadata.
workspace,library,npm,jiti,2.7.0,build,transitive build dependency,MIT,pkg:npm/jiti@2.7.0,workspace/pnpm-lock.yaml and installed package metadata,Generated from pnpm's resolved dependency graph and local package metadata.
workspace,library,npm,js-md5,0.8.3,runtime,transitive runtime dependency,MIT,pkg:npm/js-md5@0.8.3,workspace/pnpm-lock.yaml and installed package metadata,Generated from pnpm's resolved dependency graph and local package metadata.
workspace,library,npm,js-yaml,4.2.0,build,transitive build dependency,MIT,pkg:npm/js-yaml@4.2.0,workspace/pnpm-lock.yaml and installed package metadata,Generated from pnpm's resolved dependency graph and local package metadata.
workspace,library,npm,jsep,1.4.0,runtime,transitive runtime dependency,MIT,pkg:npm/jsep@1.4.0,workspace/pnpm-lock.yaml and installed package metadata,Generated from pnpm's resolved dependency graph and local package metadata.
workspace,library,npm,kdbush,4.1.0,runtime,transitive runtime dependency,ISC,pkg:npm/kdbush@4.1.0,workspace/pnpm-lock.yaml and installed package metadata,Generated from pnpm's resolved dependency graph and local package metadata.
workspace,library,npm,kleur,3.0.3,build,transitive build dependency,MIT,pkg:npm/kleur@3.0.3,workspace/pnpm-lock.yaml and installed package metadata,Generated from pnpm's resolved dependency graph and local package metadata.
workspace,library,npm,ktx-parse,1.1.0,runtime,transitive runtime dependency,MIT,pkg:npm/ktx-parse@1.1.0,workspace/pnpm-lock.yaml and installed package metadata,Generated from pnpm's resolved dependency graph and local package metadata.
workspace,library,npm,lerc,2.0.0,runtime,transitive runtime dependency,Apache-2.0,pkg:npm/lerc@2.0.0,workspace/pnpm-lock.yaml and installed package metadata,Generated from pnpm's resolved dependency graph and local package metadata.
workspace,library,npm,lightningcss,1.32.0,build,transitive build dependency,MPL-2.0,pkg:npm/lightningcss@1.32.0,workspace/pnpm-lock.yaml and installed package metadata,Generated from pnpm's resolved dependency graph and local package metadata.
workspace,library,npm,lightningcss-linux-x64-gnu,1.32.0,build,transitive build dependency,MPL-2.0,pkg:npm/lightningcss-linux-x64-gnu@1.32.0,workspace/pnpm-lock.yaml and installed package metadata,Generated from pnpm's resolved dependency graph and local package metadata.
workspace,library,npm,linebreak,1.1.0,runtime,transitive runtime dependency,MIT,pkg:npm/linebreak@1.1.0,workspace/pnpm-lock.yaml and installed package metadata,Generated from pnpm's resolved dependency graph and local package metadata.
workspace,library,npm,long,5.3.2,runtime,transitive runtime dependency,Apache-2.0,pkg:npm/long@5.3.2,workspace/pnpm-lock.yaml and installed package metadata,Generated from pnpm's resolved dependency graph and local package metadata.
workspace,library,npm,longest-streak,3.1.0,runtime,transitive runtime dependency,MIT,pkg:npm/longest-streak@3.1.0,workspace/pnpm-lock.yaml and installed package metadata,Generated from pnpm's resolved dependency graph and local package metadata.
workspace,library,npm,loose-envify,1.4.0,runtime,transitive runtime dependency,MIT,pkg:npm/loose-envify@1.4.0,workspace/pnpm-lock.yaml and installed package metadata,Generated from pnpm's resolved dependency graph and local package metadata.
workspace,library,npm,lru-cache,11.5.1,build,transitive build dependency,BlueOak-1.0.0,pkg:npm/lru-cache@11.5.1,workspace/pnpm-lock.yaml and installed package metadata,Generated from pnpm's resolved dependency graph and local package metadata.
workspace,library,npm,lucide-react,0.562.0,runtime,direct runtime dependency,ISC,pkg:npm/lucide-react@0.562.0,workspace/pnpm-lock.yaml and installed package metadata,Generated from pnpm's resolved dependency graph and local package metadata.
workspace,library,npm,magic-string,0.30.21,build,transitive build dependency,MIT,pkg:npm/magic-string@0.30.21,workspace/pnpm-lock.yaml and installed package metadata,Generated from pnpm's resolved dependency graph and local package metadata.
workspace,library,npm,magic-string,0.25.9,build,transitive build dependency,MIT,pkg:npm/magic-string@0.25.9,workspace/pnpm-lock.yaml and installed package metadata,Generated from pnpm's resolved dependency graph and local package metadata.
workspace,library,npm,magicast,0.5.3,build,transitive build dependency,MIT,pkg:npm/magicast@0.5.3,workspace/pnpm-lock.yaml and installed package metadata,Generated from pnpm's resolved dependency graph and local package metadata.
workspace,library,npm,markdown-table,3.0.4,runtime,transitive runtime dependency,MIT,pkg:npm/markdown-table@3.0.4,workspace/pnpm-lock.yaml and installed package metadata,Generated from pnpm's resolved dependency graph and local package metadata.
workspace,library,npm,mdast-util-definitions,6.0.0,build,transitive build dependency,MIT,pkg:npm/mdast-util-definitions@6.0.0,workspace/pnpm-lock.yaml and installed package metadata,Generated from pnpm's resolved dependency graph and local package metadata.
workspace,library,npm,mdast-util-find-and-replace,3.0.2,runtime,transitive runtime dependency,MIT,pkg:npm/mdast-util-find-and-replace@3.0.2,workspace/pnpm-lock.yaml and installed package metadata,Generated from pnpm's resolved dependency graph and local package metadata.
workspace,library,npm,mdast-util-from-markdown,2.0.3,runtime,transitive runtime dependency,MIT,pkg:npm/mdast-util-from-markdown@2.0.3,workspace/pnpm-lock.yaml and installed package metadata,Generated from pnpm's resolved dependency graph and local package metadata.
workspace,library,npm,mdast-util-gfm,3.1.0,runtime,transitive runtime dependency,MIT,pkg:npm/mdast-util-gfm@3.1.0,workspace/pnpm-lock.yaml and installed package metadata,Generated from pnpm's resolved dependency graph and local package metadata.
workspace,library,npm,mdast-util-gfm-autolink-literal,2.0.1,runtime,transitive runtime dependency,MIT,pkg:npm/mdast-util-gfm-autolink-literal@2.0.1,workspace/pnpm-lock.yaml and installed package metadata,Generated from pnpm's resolved dependency graph and local package metadata.
workspace,library,npm,mdast-util-gfm-footnote,2.1.0,runtime,transitive runtime dependency,MIT,pkg:npm/mdast-util-gfm-footnote@2.1.0,workspace/pnpm-lock.yaml and installed package metadata,Generated from pnpm's resolved dependency graph and local package metadata.
workspace,library,npm,mdast-util-gfm-strikethrough,2.0.0,runtime,transitive runtime dependency,MIT,pkg:npm/mdast-util-gfm-strikethrough@2.0.0,workspace/pnpm-lock.yaml and installed package metadata,Generated from pnpm's resolved dependency graph and local package metadata.
workspace,library,npm,mdast-util-gfm-table,2.0.0,runtime,transitive runtime dependency,MIT,pkg:npm/mdast-util-gfm-table@2.0.0,workspace/pnpm-lock.yaml and installed package metadata,Generated from pnpm's resolved dependency graph and local package metadata.
workspace,library,npm,mdast-util-gfm-task-list-item,2.0.0,runtime,transitive runtime dependency,MIT,pkg:npm/mdast-util-gfm-task-list-item@2.0.0,workspace/pnpm-lock.yaml and installed package metadata,Generated from pnpm's resolved dependency graph and local package metadata.
workspace,library,npm,mdast-util-mdx-expression,2.0.1,runtime,transitive runtime dependency,MIT,pkg:npm/mdast-util-mdx-expression@2.0.1,workspace/pnpm-lock.yaml and installed package metadata,Generated from pnpm's resolved dependency graph and local package metadata.
workspace,library,npm,mdast-util-mdx-jsx,3.2.0,runtime,transitive runtime dependency,MIT,pkg:npm/mdast-util-mdx-jsx@3.2.0,workspace/pnpm-lock.yaml and installed package metadata,Generated from pnpm's resolved dependency graph and local package metadata.
workspace,library,npm,mdast-util-mdxjs-esm,2.0.1,runtime,transitive runtime dependency,MIT,pkg:npm/mdast-util-mdxjs-esm@2.0.1,workspace/pnpm-lock.yaml and installed package metadata,Generated from pnpm's resolved dependency graph and local package metadata.
workspace,library,npm,mdast-util-phrasing,4.1.0,runtime,transitive runtime dependency,MIT,pkg:npm/mdast-util-phrasing@4.1.0,workspace/pnpm-lock.yaml and installed package metadata,Generated from pnpm's resolved dependency graph and local package metadata.
workspace,library,npm,mdast-util-to-hast,13.2.1,runtime,transitive runtime dependency,MIT,pkg:npm/mdast-util-to-hast@13.2.1,workspace/pnpm-lock.yaml and installed package metadata,Generated from pnpm's resolved dependency graph and local package metadata.
workspace,library,npm,mdast-util-to-markdown,2.1.2,runtime,transitive runtime dependency,MIT,pkg:npm/mdast-util-to-markdown@2.1.2,workspace/pnpm-lock.yaml and installed package metadata,Generated from pnpm's resolved dependency graph and local package metadata.
workspace,library,npm,mdast-util-to-string,4.0.0,runtime,transitive runtime dependency,MIT,pkg:npm/mdast-util-to-string@4.0.0,workspace/pnpm-lock.yaml and installed package metadata,Generated from pnpm's resolved dependency graph and local package metadata.
workspace,library,npm,mdn-data,2.27.1,build,transitive build dependency,CC0-1.0,pkg:npm/mdn-data@2.27.1,workspace/pnpm-lock.yaml and installed package metadata,Generated from pnpm's resolved dependency graph and local package metadata.
workspace,library,npm,mdn-data,2.0.28,build,transitive build dependency,CC0-1.0,pkg:npm/mdn-data@2.0.28,workspace/pnpm-lock.yaml and installed package metadata,Generated from pnpm's resolved dependency graph and local package metadata.
workspace,library,npm,mersenne-twister,1.1.0,runtime,transitive runtime dependency,MIT,pkg:npm/mersenne-twister@1.1.0,workspace/pnpm-lock.yaml and installed package metadata,Generated from pnpm's resolved dependency graph and local package metadata.
workspace,library,npm,meshoptimizer,1.1.1,runtime,transitive runtime dependency,MIT,pkg:npm/meshoptimizer@1.1.1,workspace/pnpm-lock.yaml and installed package metadata,Generated from pnpm's resolved dependency graph and local package metadata.
workspace,library,npm,micromark,4.0.2,runtime,transitive runtime dependency,MIT,pkg:npm/micromark@4.0.2,workspace/pnpm-lock.yaml and installed package metadata,Generated from pnpm's resolved dependency graph and local package metadata.
workspace,library,npm,micromark-core-commonmark,2.0.3,runtime,transitive runtime dependency,MIT,pkg:npm/micromark-core-commonmark@2.0.3,workspace/pnpm-lock.yaml and installed package metadata,Generated from pnpm's resolved dependency graph and local package metadata.
workspace,library,npm,micromark-extension-gfm,3.0.0,runtime,transitive runtime dependency,MIT,pkg:npm/micromark-extension-gfm@3.0.0,workspace/pnpm-lock.yaml and installed package metadata,Generated from pnpm's resolved dependency graph and local package metadata.
workspace,library,npm,micromark-extension-gfm-autolink-literal,2.1.0,runtime,transitive runtime dependency,MIT,pkg:npm/micromark-extension-gfm-autolink-literal@2.1.0,workspace/pnpm-lock.yaml and installed package metadata,Generated from pnpm's resolved dependency graph and local package metadata.
workspace,library,npm,micromark-extension-gfm-footnote,2.1.0,runtime,transitive runtime dependency,MIT,pkg:npm/micromark-extension-gfm-footnote@2.1.0,workspace/pnpm-lock.yaml and installed package metadata,Generated from pnpm's resolved dependency graph and local package metadata.
workspace,library,npm,micromark-extension-gfm-strikethrough,2.1.0,runtime,transitive runtime dependency,MIT,pkg:npm/micromark-extension-gfm-strikethrough@2.1.0,workspace/pnpm-lock.yaml and installed package metadata,Generated from pnpm's resolved dependency graph and local package metadata.
workspace,library,npm,micromark-extension-gfm-table,2.1.1,runtime,transitive runtime dependency,MIT,pkg:npm/micromark-extension-gfm-table@2.1.1,workspace/pnpm-lock.yaml and installed package metadata,Generated from pnpm's resolved dependency graph and local package metadata.
workspace,library,npm,micromark-extension-gfm-tagfilter,2.0.0,runtime,transitive runtime dependency,MIT,pkg:npm/micromark-extension-gfm-tagfilter@2.0.0,workspace/pnpm-lock.yaml and installed package metadata,Generated from pnpm's resolved dependency graph and local package metadata.
workspace,library,npm,micromark-extension-gfm-task-list-item,2.1.0,runtime,transitive runtime dependency,MIT,pkg:npm/micromark-extension-gfm-task-list-item@2.1.0,workspace/pnpm-lock.yaml and installed package metadata,Generated from pnpm's resolved dependency graph and local package metadata.
workspace,library,npm,micromark-factory-destination,2.0.1,runtime,transitive runtime dependency,MIT,pkg:npm/micromark-factory-destination@2.0.1,workspace/pnpm-lock.yaml and installed package metadata,Generated from pnpm's resolved dependency graph and local package metadata.
workspace,library,npm,micromark-factory-label,2.0.1,runtime,transitive runtime dependency,MIT,pkg:npm/micromark-factory-label@2.0.1,workspace/pnpm-lock.yaml and installed package metadata,Generated from pnpm's resolved dependency graph and local package metadata.
workspace,library,npm,micromark-factory-space,2.0.1,runtime,transitive runtime dependency,MIT,pkg:npm/micromark-factory-space@2.0.1,workspace/pnpm-lock.yaml and installed package metadata,Generated from pnpm's resolved dependency graph and local package metadata.
workspace,library,npm,micromark-factory-title,2.0.1,runtime,transitive runtime dependency,MIT,pkg:npm/micromark-factory-title@2.0.1,workspace/pnpm-lock.yaml and installed package metadata,Generated from pnpm's resolved dependency graph and local package metadata.
workspace,library,npm,micromark-factory-whitespace,2.0.1,runtime,transitive runtime dependency,MIT,pkg:npm/micromark-factory-whitespace@2.0.1,workspace/pnpm-lock.yaml and installed package metadata,Generated from pnpm's resolved dependency graph and local package metadata.
workspace,library,npm,micromark-util-character,2.1.1,runtime,transitive runtime dependency,MIT,pkg:npm/micromark-util-character@2.1.1,workspace/pnpm-lock.yaml and installed package metadata,Generated from pnpm's resolved dependency graph and local package metadata.
workspace,library,npm,micromark-util-chunked,2.0.1,runtime,transitive runtime dependency,MIT,pkg:npm/micromark-util-chunked@2.0.1,workspace/pnpm-lock.yaml and installed package metadata,Generated from pnpm's resolved dependency graph and local package metadata.
workspace,library,npm,micromark-util-classify-character,2.0.1,runtime,transitive runtime dependency,MIT,pkg:npm/micromark-util-classify-character@2.0.1,workspace/pnpm-lock.yaml and installed package metadata,Generated from pnpm's resolved dependency graph and local package metadata.
workspace,library,npm,micromark-util-combine-extensions,2.0.1,runtime,transitive runtime dependency,MIT,pkg:npm/micromark-util-combine-extensions@2.0.1,workspace/pnpm-lock.yaml and installed package metadata,Generated from pnpm's resolved dependency graph and local package metadata.
workspace,library,npm,micromark-util-decode-numeric-character-reference,2.0.2,runtime,transitive runtime dependency,MIT,pkg:npm/micromark-util-decode-numeric-character-reference@2.0.2,workspace/pnpm-lock.yaml and installed package metadata,Generated from pnpm's resolved dependency graph and local package metadata.
workspace,library,npm,micromark-util-decode-string,2.0.1,runtime,transitive runtime dependency,MIT,pkg:npm/micromark-util-decode-string@2.0.1,workspace/pnpm-lock.yaml and installed package metadata,Generated from pnpm's resolved dependency graph and local package metadata.
workspace,library,npm,micromark-util-encode,2.0.1,runtime,transitive runtime dependency,MIT,pkg:npm/micromark-util-encode@2.0.1,workspace/pnpm-lock.yaml and installed package metadata,Generated from pnpm's resolved dependency graph and local package metadata.
workspace,library,npm,micromark-util-html-tag-name,2.0.1,runtime,transitive runtime dependency,MIT,pkg:npm/micromark-util-html-tag-name@2.0.1,workspace/pnpm-lock.yaml and installed package metadata,Generated from pnpm's resolved dependency graph and local package metadata.
workspace,library,npm,micromark-util-normalize-identifier,2.0.1,runtime,transitive runtime dependency,MIT,pkg:npm/micromark-util-normalize-identifier@2.0.1,workspace/pnpm-lock.yaml and installed package metadata,Generated from pnpm's resolved dependency graph and local package metadata.
workspace,library,npm,micromark-util-resolve-all,2.0.1,runtime,transitive runtime dependency,MIT,pkg:npm/micromark-util-resolve-all@2.0.1,workspace/pnpm-lock.yaml and installed package metadata,Generated from pnpm's resolved dependency graph and local package metadata.
workspace,library,npm,micromark-util-sanitize-uri,2.0.1,runtime,transitive runtime dependency,MIT,pkg:npm/micromark-util-sanitize-uri@2.0.1,workspace/pnpm-lock.yaml and installed package metadata,Generated from pnpm's resolved dependency graph and local package metadata.
workspace,library,npm,micromark-util-subtokenize,2.1.0,runtime,transitive runtime dependency,MIT,pkg:npm/micromark-util-subtokenize@2.1.0,workspace/pnpm-lock.yaml and installed package metadata,Generated from pnpm's resolved dependency graph and local package metadata.
workspace,library,npm,micromark-util-symbol,2.0.1,runtime,transitive runtime dependency,MIT,pkg:npm/micromark-util-symbol@2.0.1,workspace/pnpm-lock.yaml and installed package metadata,Generated from pnpm's resolved dependency graph and local package metadata.
workspace,library,npm,micromark-util-types,2.0.2,runtime,transitive runtime dependency,MIT,pkg:npm/micromark-util-types@2.0.2,workspace/pnpm-lock.yaml and installed package metadata,Generated from pnpm's resolved dependency graph and local package metadata.
workspace,library,npm,mime,1.6.0,build,transitive build dependency,MIT,pkg:npm/mime@1.6.0,workspace/pnpm-lock.yaml and installed package metadata,Generated from pnpm's resolved dependency graph and local package metadata.
workspace,library,npm,motion,12.40.0,runtime,direct runtime dependency,MIT,pkg:npm/motion@12.40.0,workspace/pnpm-lock.yaml and installed package metadata,Generated from pnpm's resolved dependency graph and local package metadata.
workspace,library,npm,motion-dom,12.40.0,runtime,transitive runtime dependency,MIT,pkg:npm/motion-dom@12.40.0,workspace/pnpm-lock.yaml and installed package metadata,Generated from pnpm's resolved dependency graph and local package metadata.
workspace,library,npm,motion-utils,12.39.0,runtime,transitive runtime dependency,MIT,pkg:npm/motion-utils@12.39.0,workspace/pnpm-lock.yaml and installed package metadata,Generated from pnpm's resolved dependency graph and local package metadata.
workspace,library,npm,mrmime,2.0.1,build,transitive build dependency,MIT,pkg:npm/mrmime@2.0.1,workspace/pnpm-lock.yaml and installed package metadata,Generated from pnpm's resolved dependency graph and local package metadata.
workspace,library,npm,ms,2.1.3,build,transitive build dependency,MIT,pkg:npm/ms@2.1.3,workspace/pnpm-lock.yaml and installed package metadata,Generated from pnpm's resolved dependency graph and local package metadata.
workspace,library,npm,ms,2.0.0,build,transitive build dependency,MIT,pkg:npm/ms@2.0.0,workspace/pnpm-lock.yaml and installed package metadata,Generated from pnpm's resolved dependency graph and local package metadata.
workspace,library,npm,nanostores,1.3.0,runtime,direct runtime dependency,MIT,pkg:npm/nanostores@1.3.0,workspace/pnpm-lock.yaml and installed package metadata,Generated from pnpm's resolved dependency graph and local package metadata.
workspace,library,npm,neotraverse,0.6.18,build,transitive build dependency,MIT,pkg:npm/neotraverse@0.6.18,workspace/pnpm-lock.yaml and installed package metadata,Generated from pnpm's resolved dependency graph and local package metadata.
workspace,library,npm,nlcst-to-string,4.0.0,build,transitive build dependency,MIT,pkg:npm/nlcst-to-string@4.0.0,workspace/pnpm-lock.yaml and installed package metadata,Generated from pnpm's resolved dependency graph and local package metadata.
workspace,library,npm,node-fetch-native,1.6.7,build,transitive build dependency,MIT,pkg:npm/node-fetch-native@1.6.7,workspace/pnpm-lock.yaml and installed package metadata,Generated from pnpm's resolved dependency graph and local package metadata.
workspace,library,npm,node-mock-http,1.0.4,build,transitive build dependency,MIT,pkg:npm/node-mock-http@1.0.4,workspace/pnpm-lock.yaml and installed package metadata,Generated from pnpm's resolved dependency graph and local package metadata.
workspace,library,npm,normalize-path,3.0.0,build,transitive build dependency,MIT,pkg:npm/normalize-path@3.0.0,workspace/pnpm-lock.yaml and installed package metadata,Generated from pnpm's resolved dependency graph and local package metadata.
workspace,library,npm,normalize-svg-path,1.1.0,runtime,transitive runtime dependency,MIT,pkg:npm/normalize-svg-path@1.1.0,workspace/pnpm-lock.yaml and installed package metadata,Generated from pnpm's resolved dependency graph and local package metadata.
workspace,library,npm,nosleep.js,0.12.0,runtime,transitive runtime dependency,MIT,pkg:npm/nosleep.js@0.12.0,workspace/pnpm-lock.yaml and installed package metadata,Generated from pnpm's resolved dependency graph and local package metadata.
workspace,library,npm,nth-check,2.1.1,build,transitive build dependency,BSD-2-Clause,pkg:npm/nth-check@2.1.1,workspace/pnpm-lock.yaml and installed package metadata,Generated from pnpm's resolved dependency graph and local package metadata.
workspace,library,npm,object-assign,4.1.1,runtime,transitive runtime dependency,MIT,pkg:npm/object-assign@4.1.1,workspace/pnpm-lock.yaml and installed package metadata,Generated from pnpm's resolved dependency graph and local package metadata.
workspace,library,npm,ofetch,1.5.1,build,transitive build dependency,MIT,pkg:npm/ofetch@1.5.1,workspace/pnpm-lock.yaml and installed package metadata,Generated from pnpm's resolved dependency graph and local package metadata.
workspace,library,npm,ohash,2.0.11,build,transitive build dependency,MIT,pkg:npm/ohash@2.0.11,workspace/pnpm-lock.yaml and installed package metadata,Generated from pnpm's resolved dependency graph and local package metadata.
workspace,library,npm,oniguruma-parser,0.12.2,build,transitive build dependency,MIT,pkg:npm/oniguruma-parser@0.12.2,workspace/pnpm-lock.yaml and installed package metadata,Generated from pnpm's resolved dependency graph and local package metadata.
workspace,library,npm,oniguruma-to-es,4.3.6,build,transitive build dependency,MIT,pkg:npm/oniguruma-to-es@4.3.6,workspace/pnpm-lock.yaml and installed package metadata,Generated from pnpm's resolved dependency graph and local package metadata.
workspace,library,npm,p-limit,6.2.0,build,transitive build dependency,MIT,pkg:npm/p-limit@6.2.0,workspace/pnpm-lock.yaml and installed package metadata,Generated from pnpm's resolved dependency graph and local package metadata.
workspace,library,npm,p-queue,8.1.1,build,transitive build dependency,MIT,pkg:npm/p-queue@8.1.1,workspace/pnpm-lock.yaml and installed package metadata,Generated from pnpm's resolved dependency graph and local package metadata.
workspace,library,npm,p-timeout,6.1.4,build,transitive build dependency,MIT,pkg:npm/p-timeout@6.1.4,workspace/pnpm-lock.yaml and installed package metadata,Generated from pnpm's resolved dependency graph and local package metadata.
workspace,library,npm,package-manager-detector,1.6.0,build,transitive build dependency,MIT,pkg:npm/package-manager-detector@1.6.0,workspace/pnpm-lock.yaml and installed package metadata,Generated from pnpm's resolved dependency graph and local package metadata.
workspace,library,npm,pako,2.1.0,runtime,transitive runtime dependency,(MIT AND Zlib),pkg:npm/pako@2.1.0,workspace/pnpm-lock.yaml and installed package metadata,Generated from pnpm's resolved dependency graph and local package metadata.
workspace,library,npm,pako,1.0.11,runtime,transitive runtime dependency,(MIT AND Zlib),pkg:npm/pako@1.0.11,workspace/pnpm-lock.yaml and installed package metadata,Generated from pnpm's resolved dependency graph and local package metadata.
workspace,library,npm,parse-entities,4.0.2,runtime,transitive runtime dependency,MIT,pkg:npm/parse-entities@4.0.2,workspace/pnpm-lock.yaml and installed package metadata,Generated from pnpm's resolved dependency graph and local package metadata.
workspace,library,npm,parse-latin,7.0.0,build,transitive build dependency,MIT,pkg:npm/parse-latin@7.0.0,workspace/pnpm-lock.yaml and installed package metadata,Generated from pnpm's resolved dependency graph and local package metadata.
workspace,library,npm,parse-svg-path,0.1.2,runtime,transitive runtime dependency,MIT,pkg:npm/parse-svg-path@0.1.2,workspace/pnpm-lock.yaml and installed package metadata,Generated from pnpm's resolved dependency graph and local package metadata.
workspace,library,npm,parse5,7.3.0,build,transitive build dependency,MIT,pkg:npm/parse5@7.3.0,workspace/pnpm-lock.yaml and installed package metadata,Generated from pnpm's resolved dependency graph and local package metadata.
workspace,library,npm,parseurl,1.3.3,build,transitive build dependency,MIT,pkg:npm/parseurl@1.3.3,workspace/pnpm-lock.yaml and installed package metadata,Generated from pnpm's resolved dependency graph and local package metadata.
workspace,library,npm,piccolore,0.1.3,build,transitive build dependency,ISC,pkg:npm/piccolore@0.1.3,workspace/pnpm-lock.yaml and installed package metadata,Generated from pnpm's resolved dependency graph and local package metadata.
workspace,library,npm,picocolors,1.1.1,build,transitive build dependency,ISC,pkg:npm/picocolors@1.1.1,workspace/pnpm-lock.yaml and installed package metadata,Generated from pnpm's resolved dependency graph and local package metadata.
workspace,library,npm,picomatch,4.0.4,build,transitive build dependency,MIT,pkg:npm/picomatch@4.0.4,workspace/pnpm-lock.yaml and installed package metadata,Generated from pnpm's resolved dependency graph and local package metadata.
workspace,library,npm,picomatch,2.3.2,build,transitive build dependency,MIT,pkg:npm/picomatch@2.3.2,workspace/pnpm-lock.yaml and installed package metadata,Generated from pnpm's resolved dependency graph and local package metadata.
workspace,library,npm,png-js,2.0.0,runtime,transitive runtime dependency,MIT,pkg:npm/png-js@2.0.0,workspace/pnpm-lock.yaml and installed package metadata,Generated from pnpm's resolved dependency graph and local package metadata.
workspace,library,npm,prismjs,1.30.0,build,transitive build dependency,MIT,pkg:npm/prismjs@1.30.0,workspace/pnpm-lock.yaml and installed package metadata,Generated from pnpm's resolved dependency graph and local package metadata.
workspace,library,npm,prompts,2.4.2,build,transitive build dependency,MIT,pkg:npm/prompts@2.4.2,workspace/pnpm-lock.yaml and installed package metadata,Generated from pnpm's resolved dependency graph and local package metadata.
workspace,library,npm,prop-types,15.8.1,runtime,transitive runtime dependency,MIT,pkg:npm/prop-types@15.8.1,workspace/pnpm-lock.yaml and installed package metadata,Generated from pnpm's resolved dependency graph and local package metadata.
workspace,library,npm,property-information,7.2.0,runtime,transitive runtime dependency,MIT,pkg:npm/property-information@7.2.0,workspace/pnpm-lock.yaml and installed package metadata,Generated from pnpm's resolved dependency graph and local package metadata.
workspace,library,npm,protobufjs,8.6.3,runtime,transitive runtime dependency,BSD-3-Clause,pkg:npm/protobufjs@8.6.3,workspace/pnpm-lock.yaml and installed package metadata,Generated from pnpm's resolved dependency graph and local package metadata.
workspace,library,npm,queue,6.0.2,runtime,transitive runtime dependency,MIT,pkg:npm/queue@6.0.2,workspace/pnpm-lock.yaml and installed package metadata,Generated from pnpm's resolved dependency graph and local package metadata.
workspace,library,npm,quickselect,3.0.0,runtime,transitive runtime dependency,ISC,pkg:npm/quickselect@3.0.0,workspace/pnpm-lock.yaml and installed package metadata,Generated from pnpm's resolved dependency graph and local package metadata.
workspace,library,npm,radix-ui,1.5.0,runtime,direct runtime dependency,MIT,pkg:npm/radix-ui@1.5.0,workspace/pnpm-lock.yaml and installed package metadata,Generated from pnpm's resolved dependency graph and local package metadata.
workspace,library,npm,radix3,1.1.2,build,transitive build dependency,MIT,pkg:npm/radix3@1.1.2,workspace/pnpm-lock.yaml and installed package metadata,Generated from pnpm's resolved dependency graph and local package metadata.
workspace,library,npm,rbush,4.0.1,runtime,transitive runtime dependency,MIT,pkg:npm/rbush@4.0.1,workspace/pnpm-lock.yaml and installed package metadata,Generated from pnpm's resolved dependency graph and local package metadata.
workspace,library,npm,react,19.2.7,runtime,direct runtime dependency,MIT,pkg:npm/react@19.2.7,workspace/pnpm-lock.yaml and installed package metadata,Generated from pnpm's resolved dependency graph and local package metadata.
workspace,library,npm,react-dom,19.2.7,runtime,direct runtime dependency,MIT,pkg:npm/react-dom@19.2.7,workspace/pnpm-lock.yaml and installed package metadata,Generated from pnpm's resolved dependency graph and local package metadata.
workspace,library,npm,react-draggable,4.6.0,runtime,direct runtime dependency,MIT,pkg:npm/react-draggable@4.6.0,workspace/pnpm-lock.yaml and installed package metadata,Generated from pnpm's resolved dependency graph and local package metadata.
workspace,library,npm,react-i18next,16.6.6,runtime,direct runtime dependency,MIT,pkg:npm/react-i18next@16.6.6,workspace/pnpm-lock.yaml and installed package metadata,Generated from pnpm's resolved dependency graph and local package metadata.
workspace,library,npm,react-is,16.13.1,runtime,transitive runtime dependency,MIT,pkg:npm/react-is@16.13.1,workspace/pnpm-lock.yaml and installed package metadata,Generated from pnpm's resolved dependency graph and local package metadata.
workspace,library,npm,react-markdown,10.1.0,runtime,direct runtime dependency,MIT,pkg:npm/react-markdown@10.1.0,workspace/pnpm-lock.yaml and installed package metadata,Generated from pnpm's resolved dependency graph and local package metadata.
workspace,library,npm,react-number-format,5.4.5,runtime,direct runtime dependency,MIT,pkg:npm/react-number-format@5.4.5,workspace/pnpm-lock.yaml and installed package metadata,Generated from pnpm's resolved dependency graph and local package metadata.
workspace,library,npm,react-refresh,0.17.0,build,transitive build dependency,MIT,pkg:npm/react-refresh@0.17.0,workspace/pnpm-lock.yaml and installed package metadata,Generated from pnpm's resolved dependency graph and local package metadata.
workspace,library,npm,react-remove-scroll,2.7.2,runtime,transitive runtime dependency,MIT,pkg:npm/react-remove-scroll@2.7.2,workspace/pnpm-lock.yaml and installed package metadata,Generated from pnpm's resolved dependency graph and local package metadata.
workspace,library,npm,react-remove-scroll-bar,2.3.8,runtime,transitive runtime dependency,MIT,pkg:npm/react-remove-scroll-bar@2.3.8,workspace/pnpm-lock.yaml and installed package metadata,Generated from pnpm's resolved dependency graph and local package metadata.
workspace,library,npm,react-style-singleton,2.2.3,runtime,transitive runtime dependency,MIT,pkg:npm/react-style-singleton@2.2.3,workspace/pnpm-lock.yaml and installed package metadata,Generated from pnpm's resolved dependency graph and local package metadata.
workspace,library,npm,readdirp,5.0.0,build,transitive build dependency,MIT,pkg:npm/readdirp@5.0.0,workspace/pnpm-lock.yaml and installed package metadata,Generated from pnpm's resolved dependency graph and local package metadata.
workspace,library,npm,regex,6.1.0,build,transitive build dependency,MIT,pkg:npm/regex@6.1.0,workspace/pnpm-lock.yaml and installed package metadata,Generated from pnpm's resolved dependency graph and local package metadata.
workspace,library,npm,regex-recursion,6.0.2,build,transitive build dependency,MIT,pkg:npm/regex-recursion@6.0.2,workspace/pnpm-lock.yaml and installed package metadata,Generated from pnpm's resolved dependency graph and local package metadata.
workspace,library,npm,regex-utilities,2.3.0,build,transitive build dependency,MIT,pkg:npm/regex-utilities@2.3.0,workspace/pnpm-lock.yaml and installed package metadata,Generated from pnpm's resolved dependency graph and local package metadata.
workspace,library,npm,rehype,13.0.2,build,transitive build dependency,MIT,pkg:npm/rehype@13.0.2,workspace/pnpm-lock.yaml and installed package metadata,Generated from pnpm's resolved dependency graph and local package metadata.
workspace,library,npm,rehype-parse,9.0.1,build,transitive build dependency,MIT,pkg:npm/rehype-parse@9.0.1,workspace/pnpm-lock.yaml and installed package metadata,Generated from pnpm's resolved dependency graph and local package metadata.
workspace,library,npm,rehype-raw,7.0.0,build,transitive build dependency,MIT,pkg:npm/rehype-raw@7.0.0,workspace/pnpm-lock.yaml and installed package metadata,Generated from pnpm's resolved dependency graph and local package metadata.
workspace,library,npm,rehype-stringify,10.0.1,build,transitive build dependency,MIT,pkg:npm/rehype-stringify@10.0.1,workspace/pnpm-lock.yaml and installed package metadata,Generated from pnpm's resolved dependency graph and local package metadata.
workspace,library,npm,remark-gfm,4.0.1,runtime,direct runtime dependency,MIT,pkg:npm/remark-gfm@4.0.1,workspace/pnpm-lock.yaml and installed package metadata,Generated from pnpm's resolved dependency graph and local package metadata.
workspace,library,npm,remark-parse,11.0.0,runtime,transitive runtime dependency,MIT,pkg:npm/remark-parse@11.0.0,workspace/pnpm-lock.yaml and installed package metadata,Generated from pnpm's resolved dependency graph and local package metadata.
workspace,library,npm,remark-rehype,11.1.2,runtime,transitive runtime dependency,MIT,pkg:npm/remark-rehype@11.1.2,workspace/pnpm-lock.yaml and installed package metadata,Generated from pnpm's resolved dependency graph and local package metadata.
workspace,library,npm,remark-smartypants,3.0.2,build,transitive build dependency,MIT,pkg:npm/remark-smartypants@3.0.2,workspace/pnpm-lock.yaml and installed package metadata,Generated from pnpm's resolved dependency graph and local package metadata.
workspace,library,npm,remark-stringify,11.0.0,runtime,transitive runtime dependency,MIT,pkg:npm/remark-stringify@11.0.0,workspace/pnpm-lock.yaml and installed package metadata,Generated from pnpm's resolved dependency graph and local package metadata.
workspace,library,npm,resium,1.23.0,runtime,direct runtime dependency,MIT,pkg:npm/resium@1.23.0,workspace/pnpm-lock.yaml and installed package metadata,Generated from pnpm's resolved dependency graph and local package metadata.
workspace,library,npm,retext,9.0.0,build,transitive build dependency,MIT,pkg:npm/retext@9.0.0,workspace/pnpm-lock.yaml and installed package metadata,Generated from pnpm's resolved dependency graph and local package metadata.
workspace,library,npm,retext-latin,4.0.0,build,transitive build dependency,MIT,pkg:npm/retext-latin@4.0.0,workspace/pnpm-lock.yaml and installed package metadata,Generated from pnpm's resolved dependency graph and local package metadata.
workspace,library,npm,retext-smartypants,6.2.0,build,transitive build dependency,MIT,pkg:npm/retext-smartypants@6.2.0,workspace/pnpm-lock.yaml and installed package metadata,Generated from pnpm's resolved dependency graph and local package metadata.
workspace,library,npm,retext-stringify,4.0.0,build,transitive build dependency,MIT,pkg:npm/retext-stringify@4.0.0,workspace/pnpm-lock.yaml and installed package metadata,Generated from pnpm's resolved dependency graph and local package metadata.
workspace,library,npm,rollup,4.61.1,build,transitive build dependency,MIT,pkg:npm/rollup@4.61.1,workspace/pnpm-lock.yaml and installed package metadata,Generated from pnpm's resolved dependency graph and local package metadata.
workspace,library,npm,rollup,2.80.0,build,transitive build dependency,MIT,pkg:npm/rollup@2.80.0,workspace/pnpm-lock.yaml and installed package metadata,Generated from pnpm's resolved dependency graph and local package metadata.
workspace,library,npm,rollup-plugin-external-globals,0.6.1,build,transitive build dependency,MIT,pkg:npm/rollup-plugin-external-globals@0.6.1,workspace/pnpm-lock.yaml and installed package metadata,Generated from pnpm's resolved dependency graph and local package metadata.
workspace,library,npm,safe-buffer,5.2.1,runtime,transitive runtime dependency,MIT,pkg:npm/safe-buffer@5.2.1,workspace/pnpm-lock.yaml and installed package metadata,Generated from pnpm's resolved dependency graph and local package metadata.
workspace,library,npm,sax,1.6.0,build,transitive build dependency,BlueOak-1.0.0,pkg:npm/sax@1.6.0,workspace/pnpm-lock.yaml and installed package metadata,Generated from pnpm's resolved dependency graph and local package metadata.
workspace,library,npm,scheduler,0.27.0,runtime,transitive runtime dependency,MIT,pkg:npm/scheduler@0.27.0,workspace/pnpm-lock.yaml and installed package metadata,Generated from pnpm's resolved dependency graph and local package metadata.
workspace,library,npm,scheduler,0.25.0-rc-603e6108-20241029,runtime,transitive runtime dependency,MIT,pkg:npm/scheduler@0.25.0-rc-603e6108-20241029,workspace/pnpm-lock.yaml and installed package metadata,Generated from pnpm's resolved dependency graph and local package metadata.
workspace,library,npm,semver,7.8.4,build,transitive build dependency,ISC,pkg:npm/semver@7.8.4,workspace/pnpm-lock.yaml and installed package metadata,Generated from pnpm's resolved dependency graph and local package metadata.
workspace,library,npm,send,0.19.2,build,transitive build dependency,MIT,pkg:npm/send@0.19.2,workspace/pnpm-lock.yaml and installed package metadata,Generated from pnpm's resolved dependency graph and local package metadata.
workspace,library,npm,serve-static,1.16.3,build,transitive build dependency,MIT,pkg:npm/serve-static@1.16.3,workspace/pnpm-lock.yaml and installed package metadata,Generated from pnpm's resolved dependency graph and local package metadata.
workspace,library,npm,sharp,0.34.5,build,transitive build dependency,Apache-2.0,pkg:npm/sharp@0.34.5,workspace/pnpm-lock.yaml and installed package metadata,Generated from pnpm's resolved dependency graph and local package metadata.
workspace,library,npm,shiki,3.23.0,build,transitive build dependency,MIT,pkg:npm/shiki@3.23.0,workspace/pnpm-lock.yaml and installed package metadata,Generated from pnpm's resolved dependency graph and local package metadata.
workspace,library,npm,sisteransi,1.0.5,build,transitive build dependency,MIT,pkg:npm/sisteransi@1.0.5,workspace/pnpm-lock.yaml and installed package metadata,Generated from pnpm's resolved dependency graph and local package metadata.
workspace,library,npm,smol-toml,1.6.1,build,transitive build dependency,BSD-3-Clause,pkg:npm/smol-toml@1.6.1,workspace/pnpm-lock.yaml and installed package metadata,Generated from pnpm's resolved dependency graph and local package metadata.
workspace,library,npm,sonner,2.0.7,runtime,direct runtime dependency,MIT,pkg:npm/sonner@2.0.7,workspace/pnpm-lock.yaml and installed package metadata,Generated from pnpm's resolved dependency graph and local package metadata.
workspace,library,npm,source-map-js,1.2.1,build,transitive build dependency,BSD-3-Clause,pkg:npm/source-map-js@1.2.1,workspace/pnpm-lock.yaml and installed package metadata,Generated from pnpm's resolved dependency graph and local package metadata.
workspace,library,npm,sourcemap-codec,1.4.8,build,transitive build dependency,MIT,pkg:npm/sourcemap-codec@1.4.8,workspace/pnpm-lock.yaml and installed package metadata,Generated from pnpm's resolved dependency graph and local package metadata.
workspace,library,npm,space-separated-tokens,2.0.2,runtime,transitive runtime dependency,MIT,pkg:npm/space-separated-tokens@2.0.2,workspace/pnpm-lock.yaml and installed package metadata,Generated from pnpm's resolved dependency graph and local package metadata.
workspace,library,npm,sql.js,1.14.1,runtime,direct runtime dependency,MIT,pkg:npm/sql.js@1.14.1,workspace/pnpm-lock.yaml and installed package metadata,Generated from pnpm's resolved dependency graph and local package metadata.
workspace,library,npm,string_decoder,1.3.0,runtime,transitive runtime dependency,MIT,pkg:npm/string_decoder@1.3.0,workspace/pnpm-lock.yaml and installed package metadata,Generated from pnpm's resolved dependency graph and local package metadata.
workspace,library,npm,string-width,7.2.0,build,transitive build dependency,MIT,pkg:npm/string-width@7.2.0,workspace/pnpm-lock.yaml and installed package metadata,Generated from pnpm's resolved dependency graph and local package metadata.
workspace,library,npm,string-width,4.2.3,build,transitive build dependency,MIT,pkg:npm/string-width@4.2.3,workspace/pnpm-lock.yaml and installed package metadata,Generated from pnpm's resolved dependency graph and local package metadata.
workspace,library,npm,stringify-entities,4.0.4,runtime,transitive runtime dependency,MIT,pkg:npm/stringify-entities@4.0.4,workspace/pnpm-lock.yaml and installed package metadata,Generated from pnpm's resolved dependency graph and local package metadata.
workspace,library,npm,style-to-js,1.1.21,runtime,transitive runtime dependency,MIT,pkg:npm/style-to-js@1.1.21,workspace/pnpm-lock.yaml and installed package metadata,Generated from pnpm's resolved dependency graph and local package metadata.
workspace,library,npm,style-to-object,1.0.14,runtime,transitive runtime dependency,MIT,pkg:npm/style-to-object@1.0.14,workspace/pnpm-lock.yaml and installed package metadata,Generated from pnpm's resolved dependency graph and local package metadata.
workspace,library,npm,svg-arc-to-cubic-bezier,3.2.0,runtime,transitive runtime dependency,ISC,pkg:npm/svg-arc-to-cubic-bezier@3.2.0,workspace/pnpm-lock.yaml and installed package metadata,Generated from pnpm's resolved dependency graph and local package metadata.
workspace,library,npm,svgo,4.0.1,build,transitive build dependency,MIT,pkg:npm/svgo@4.0.1,workspace/pnpm-lock.yaml and installed package metadata,Generated from pnpm's resolved dependency graph and local package metadata.
workspace,library,npm,tailwind-merge,3.6.0,runtime,direct runtime dependency,MIT,pkg:npm/tailwind-merge@3.6.0,workspace/pnpm-lock.yaml and installed package metadata,Generated from pnpm's resolved dependency graph and local package metadata.
workspace,library,npm,tailwindcss,4.3.0,build,direct build dependency,MIT,pkg:npm/tailwindcss@4.3.0,workspace/pnpm-lock.yaml and installed package metadata,Generated from pnpm's resolved dependency graph and local package metadata.
workspace,library,npm,tapable,2.3.3,build,transitive build dependency,MIT,pkg:npm/tapable@2.3.3,workspace/pnpm-lock.yaml and installed package metadata,Generated from pnpm's resolved dependency graph and local package metadata.
workspace,library,npm,tinyexec,1.2.4,build,transitive build dependency,MIT,pkg:npm/tinyexec@1.2.4,workspace/pnpm-lock.yaml and installed package metadata,Generated from pnpm's resolved dependency graph and local package metadata.
workspace,library,npm,tinyglobby,0.2.17,build,transitive build dependency,MIT,pkg:npm/tinyglobby@0.2.17,workspace/pnpm-lock.yaml and installed package metadata,Generated from pnpm's resolved dependency graph and local package metadata.
workspace,library,npm,topojson-client,3.1.0,runtime,transitive runtime dependency,ISC,pkg:npm/topojson-client@3.1.0,workspace/pnpm-lock.yaml and installed package metadata,Generated from pnpm's resolved dependency graph and local package metadata.
workspace,library,npm,trim-lines,3.0.1,runtime,transitive runtime dependency,MIT,pkg:npm/trim-lines@3.0.1,workspace/pnpm-lock.yaml and installed package metadata,Generated from pnpm's resolved dependency graph and local package metadata.
workspace,library,npm,trough,2.2.0,runtime,transitive runtime dependency,MIT,pkg:npm/trough@2.2.0,workspace/pnpm-lock.yaml and installed package metadata,Generated from pnpm's resolved dependency graph and local package metadata.
workspace,library,npm,tsconfck,3.1.6,build,transitive build dependency,MIT,pkg:npm/tsconfck@3.1.6,workspace/pnpm-lock.yaml and installed package metadata,Generated from pnpm's resolved dependency graph and local package metadata.
workspace,library,npm,tslib,2.8.1,runtime,transitive runtime dependency,0BSD,pkg:npm/tslib@2.8.1,workspace/pnpm-lock.yaml and installed package metadata,Generated from pnpm's resolved dependency graph and local package metadata.
workspace,library,npm,tw-animate-css,1.4.0,build,direct build dependency,MIT,pkg:npm/tw-animate-css@1.4.0,workspace/pnpm-lock.yaml and installed package metadata,Generated from pnpm's resolved dependency graph and local package metadata.
workspace,library,npm,type-fest,4.41.0,build,transitive build dependency,(MIT OR CC0-1.0),pkg:npm/type-fest@4.41.0,workspace/pnpm-lock.yaml and installed package metadata,Generated from pnpm's resolved dependency graph and local package metadata.
workspace,library,npm,ufo,1.6.4,build,transitive build dependency,MIT,pkg:npm/ufo@1.6.4,workspace/pnpm-lock.yaml and installed package metadata,Generated from pnpm's resolved dependency graph and local package metadata.
workspace,library,npm,ultrahtml,1.6.0,build,transitive build dependency,MIT,pkg:npm/ultrahtml@1.6.0,workspace/pnpm-lock.yaml and installed package metadata,Generated from pnpm's resolved dependency graph and local package metadata.
workspace,library,npm,uncrypto,0.1.3,build,transitive build dependency,MIT,pkg:npm/uncrypto@0.1.3,workspace/pnpm-lock.yaml and installed package metadata,Generated from pnpm's resolved dependency graph and local package metadata.
workspace,library,npm,unified,11.0.5,runtime,transitive runtime dependency,MIT,pkg:npm/unified@11.0.5,workspace/pnpm-lock.yaml and installed package metadata,Generated from pnpm's resolved dependency graph and local package metadata.
workspace,library,npm,unifont,0.7.4,build,transitive build dependency,MIT,pkg:npm/unifont@0.7.4,workspace/pnpm-lock.yaml and installed package metadata,Generated from pnpm's resolved dependency graph and local package metadata.
workspace,library,npm,unist-util-find-after,5.0.0,build,transitive build dependency,MIT,pkg:npm/unist-util-find-after@5.0.0,workspace/pnpm-lock.yaml and installed package metadata,Generated from pnpm's resolved dependency graph and local package metadata.
workspace,library,npm,unist-util-is,6.0.1,build,transitive build dependency,MIT,pkg:npm/unist-util-is@6.0.1,workspace/pnpm-lock.yaml and installed package metadata,Generated from pnpm's resolved dependency graph and local package metadata.
workspace,library,npm,unist-util-modify-children,4.0.0,build,transitive build dependency,MIT,pkg:npm/unist-util-modify-children@4.0.0,workspace/pnpm-lock.yaml and installed package metadata,Generated from pnpm's resolved dependency graph and local package metadata.
workspace,library,npm,unist-util-position,5.0.0,runtime,transitive runtime dependency,MIT,pkg:npm/unist-util-position@5.0.0,workspace/pnpm-lock.yaml and installed package metadata,Generated from pnpm's resolved dependency graph and local package metadata.
workspace,library,npm,unist-util-remove-position,5.0.0,build,transitive build dependency,MIT,pkg:npm/unist-util-remove-position@5.0.0,workspace/pnpm-lock.yaml and installed package metadata,Generated from pnpm's resolved dependency graph and local package metadata.
workspace,library,npm,unist-util-stringify-position,4.0.0,build,transitive build dependency,MIT,pkg:npm/unist-util-stringify-position@4.0.0,workspace/pnpm-lock.yaml and installed package metadata,Generated from pnpm's resolved dependency graph and local package metadata.
workspace,library,npm,unist-util-visit,5.1.0,build,transitive build dependency,MIT,pkg:npm/unist-util-visit@5.1.0,workspace/pnpm-lock.yaml and installed package metadata,Generated from pnpm's resolved dependency graph and local package metadata.
workspace,library,npm,unist-util-visit-children,3.0.0,build,transitive build dependency,MIT,pkg:npm/unist-util-visit-children@3.0.0,workspace/pnpm-lock.yaml and installed package metadata,Generated from pnpm's resolved dependency graph and local package metadata.
workspace,library,npm,unist-util-visit-parents,6.0.2,build,transitive build dependency,MIT,pkg:npm/unist-util-visit-parents@6.0.2,workspace/pnpm-lock.yaml and installed package metadata,Generated from pnpm's resolved dependency graph and local package metadata.
workspace,library,npm,unstorage,1.17.5,build,transitive build dependency,MIT,pkg:npm/unstorage@1.17.5,workspace/pnpm-lock.yaml and installed package metadata,Generated from pnpm's resolved dependency graph and local package metadata.
workspace,library,npm,urijs,1.19.11,runtime,transitive runtime dependency,MIT,pkg:npm/urijs@1.19.11,workspace/pnpm-lock.yaml and installed package metadata,Generated from pnpm's resolved dependency graph and local package metadata.
workspace,library,npm,use-callback-ref,1.3.3,runtime,transitive runtime dependency,MIT,pkg:npm/use-callback-ref@1.3.3,workspace/pnpm-lock.yaml and installed package metadata,Generated from pnpm's resolved dependency graph and local package metadata.
workspace,library,npm,use-sidecar,1.1.3,runtime,transitive runtime dependency,MIT,pkg:npm/use-sidecar@1.1.3,workspace/pnpm-lock.yaml and installed package metadata,Generated from pnpm's resolved dependency graph and local package metadata.
workspace,library,npm,use-sync-external-store,1.6.0,runtime,transitive runtime dependency,MIT,pkg:npm/use-sync-external-store@1.6.0,workspace/pnpm-lock.yaml and installed package metadata,Generated from pnpm's resolved dependency graph and local package metadata.
workspace,library,npm,vaul,1.1.2,runtime,direct runtime dependency,MIT,pkg:npm/vaul@1.1.2,workspace/pnpm-lock.yaml and installed package metadata,Generated from pnpm's resolved dependency graph and local package metadata.
workspace,library,npm,vfile,6.0.3,build,transitive build dependency,MIT,pkg:npm/vfile@6.0.3,workspace/pnpm-lock.yaml and installed package metadata,Generated from pnpm's resolved dependency graph and local package metadata.
workspace,library,npm,vfile-location,5.0.3,build,transitive build dependency,MIT,pkg:npm/vfile-location@5.0.3,workspace/pnpm-lock.yaml and installed package metadata,Generated from pnpm's resolved dependency graph and local package metadata.
workspace,library,npm,vfile-message,4.0.3,build,transitive build dependency,MIT,pkg:npm/vfile-message@4.0.3,workspace/pnpm-lock.yaml and installed package metadata,Generated from pnpm's resolved dependency graph and local package metadata.
workspace,library,npm,vite,6.4.3,build,transitive build dependency,MIT,pkg:npm/vite@6.4.3,workspace/pnpm-lock.yaml and installed package metadata,Generated from pnpm's resolved dependency graph and local package metadata.
workspace,library,npm,vite-compatible-readable-stream,3.6.1,runtime,transitive runtime dependency,MIT,pkg:npm/vite-compatible-readable-stream@3.6.1,workspace/pnpm-lock.yaml and installed package metadata,Generated from pnpm's resolved dependency graph and local package metadata.
workspace,library,npm,vite-plugin-cesium,1.2.23,build,direct build dependency,MIT,pkg:npm/vite-plugin-cesium@1.2.23,workspace/pnpm-lock.yaml and installed package metadata,Generated from pnpm's resolved dependency graph and local package metadata.
workspace,library,npm,vitefu,1.1.3,build,transitive build dependency,MIT,pkg:npm/vitefu@1.1.3,workspace/pnpm-lock.yaml and installed package metadata,Generated from pnpm's resolved dependency graph and local package metadata.
workspace,library,npm,void-elements,3.1.0,runtime,transitive runtime dependency,MIT,pkg:npm/void-elements@3.1.0,workspace/pnpm-lock.yaml and installed package metadata,Generated from pnpm's resolved dependency graph and local package metadata.
workspace,library,npm,web-namespaces,2.0.1,build,transitive build dependency,MIT,pkg:npm/web-namespaces@2.0.1,workspace/pnpm-lock.yaml and installed package metadata,Generated from pnpm's resolved dependency graph and local package metadata.
workspace,library,npm,which-pm-runs,1.1.0,build,transitive build dependency,MIT,pkg:npm/which-pm-runs@1.1.0,workspace/pnpm-lock.yaml and installed package metadata,Generated from pnpm's resolved dependency graph and local package metadata.
workspace,library,npm,widest-line,5.0.0,build,transitive build dependency,MIT,pkg:npm/widest-line@5.0.0,workspace/pnpm-lock.yaml and installed package metadata,Generated from pnpm's resolved dependency graph and local package metadata.
workspace,library,npm,wrap-ansi,9.0.2,build,transitive build dependency,MIT,pkg:npm/wrap-ansi@9.0.2,workspace/pnpm-lock.yaml and installed package metadata,Generated from pnpm's resolved dependency graph and local package metadata.
workspace,library,npm,xxhash-wasm,1.1.0,build,transitive build dependency,MIT,pkg:npm/xxhash-wasm@1.1.0,workspace/pnpm-lock.yaml and installed package metadata,Generated from pnpm's resolved dependency graph and local package metadata.
workspace,library,npm,yargs-parser,21.1.1,build,transitive build dependency,ISC,pkg:npm/yargs-parser@21.1.1,workspace/pnpm-lock.yaml and installed package metadata,Generated from pnpm's resolved dependency graph and local package metadata.
workspace,library,npm,yocto-queue,1.2.2,build,transitive build dependency,MIT,pkg:npm/yocto-queue@1.2.2,workspace/pnpm-lock.yaml and installed package metadata,Generated from pnpm's resolved dependency graph and local package metadata.
workspace,library,npm,yocto-spinner,0.2.3,build,transitive build dependency,MIT,pkg:npm/yocto-spinner@0.2.3,workspace/pnpm-lock.yaml and installed package metadata,Generated from pnpm's resolved dependency graph and local package metadata.
workspace,library,npm,yoctocolors,2.1.2,build,transitive build dependency,MIT,pkg:npm/yoctocolors@2.1.2,workspace/pnpm-lock.yaml and installed package metadata,Generated from pnpm's resolved dependency graph and local package metadata.
workspace,library,npm,yoga-layout,3.2.1,runtime,transitive runtime dependency,MIT,pkg:npm/yoga-layout@3.2.1,workspace/pnpm-lock.yaml and installed package metadata,Generated from pnpm's resolved dependency graph and local package metadata.
workspace,library,npm,zod,3.25.76,build,transitive build dependency,MIT,pkg:npm/zod@3.25.76,workspace/pnpm-lock.yaml and installed package metadata,Generated from pnpm's resolved dependency graph and local package metadata.
workspace,library,npm,zod-to-json-schema,3.25.2,build,transitive build dependency,ISC,pkg:npm/zod-to-json-schema@3.25.2,workspace/pnpm-lock.yaml and installed package metadata,Generated from pnpm's resolved dependency graph and local package metadata.
workspace,library,npm,zod-to-ts,1.2.0,build,transitive build dependency,MIT,pkg:npm/zod-to-ts@1.2.0,workspace/pnpm-lock.yaml and installed package metadata,Generated from pnpm's resolved dependency graph and local package metadata.
workspace,library,npm,zwitch,2.0.4,runtime,transitive runtime dependency,MIT,pkg:npm/zwitch@2.0.4,workspace/pnpm-lock.yaml and installed package metadata,Generated from pnpm's resolved dependency graph and local package metadata.
